arm,round,accuracy,macro_f1,loss
private_vote_synthetic,-1,0.27734375,0.20556814567732382,1.3861028663814068
private_vote_synthetic,0,0.291015625,0.22031814056150334,1.3805591613054276
private_vote_synthetic,1,0.30859375,0.25036210192659436,1.3740278109908104
private_vote_synthetic,2,0.384765625,0.35785981016506907,1.3674413803964853
private_vote_synthetic,3,0.3984375,0.36735410708013455,1.3638971205800772
private_vote_synthetic,4,0.439453125,0.4054279449633884,1.3585355877876282
private_vote_synthetic,5,0.486328125,0.4538977869661545,1.3517082687467337
private_vote_synthetic,6,0.548828125,0.528034909085324,1.3449952956289053
private_vote_synthetic,7,0.546875,0.5138111553714981,1.3414765987545252
private_vote_synthetic,8,0.54296875,0.5010420837044831,1.3385716620832682
private_vote_synthetic,9,0.560546875,0.5195447859489771,1.3336846604943275
private_vote_synthetic,10,0.578125,0.538154614956658,1.3282628692686558
private_vote_synthetic,11,0.603515625,0.5619408603631433,1.3235461488366127
private_vote_synthetic,12,0.6015625,0.5587544587810522,1.3194552846252918
private_vote_synthetic,13,0.6171875,0.5685878844983141,1.3148450292646885
private_vote_synthetic,14,0.62890625,0.5887414328590799,1.3099033758044243
private_vote_synthetic,15,0.6328125,0.5961437685121895,1.304552387446165
private_vote_synthetic,16,0.646484375,0.6160999918440326,1.2994357701390982
private_vote_synthetic,17,0.68359375,0.6685918926375164,1.2939879652112722
private_vote_synthetic,18,0.677734375,0.6556442168866095,1.2907077446579933
private_vote_synthetic,19,0.681640625,0.66058965989309,1.2866656053811312
private_vote_synthetic,20,0.6953125,0.6722876864500515,1.2823981642723083
private_vote_synthetic,21,0.685546875,0.6612117135228198,1.2789207305759192
private_vote_synthetic,22,0.703125,0.6822770663736328,1.2746103797107935
private_vote_synthetic,23,0.708984375,0.6884441867481321,1.2709797117859125
private_vote_synthetic,24,0.71875,0.7033566589458344,1.2664831969887018
private_vote_synthetic,25,0.71484375,0.6968544918306888,1.2631246391683817
private_vote_synthetic,26,0.71875,0.7038239641759924,1.2594762593507767
private_vote_synthetic,27,0.724609375,0.7111805870537161,1.2559502329677343
private_vote_synthetic,28,0.724609375,0.7133106412987362,1.2524197585880756
private_vote_synthetic,29,0.716796875,0.7033330808108048,1.2494430374354124
private_vote_synthetic,30,0.72265625,0.7111426914328123,1.2460463736206293
private_vote_synthetic,31,0.724609375,0.7137253595104176,1.2434395346790552
private_vote_synthetic,32,0.728515625,0.7184747570835002,1.2403911855071783
private_vote_synthetic,33,0.736328125,0.7282149943495931,1.237325156107545
private_vote_synthetic,34,0.73828125,0.7317312947878892,1.2342813815921545
private_vote_synthetic,35,0.7421875,0.7363374243470612,1.2316093258559704
private_vote_synthetic,36,0.748046875,0.7430310151604258,1.2289837319403887
private_vote_synthetic,37,0.748046875,0.7430310151604258,1.227027976885438
private_vote_synthetic,38,0.7421875,0.7366011804412071,1.2247978318482637
private_vote_synthetic,39,0.744140625,0.7391378668486691,1.222833538427949
private_vote_synthetic,40,0.7421875,0.737126659939054,1.2214418202638626
private_vote_synthetic,41,0.744140625,0.739374767121246,1.219752797856927
private_vote_synthetic,42,0.748046875,0.7439134196754187,1.2183101493865252
private_vote_synthetic,43,0.748046875,0.7439134196754187,1.2171575669199228
private_vote_synthetic,44,0.748046875,0.7437051333012545,1.2161021307110786
private_vote_synthetic,45,0.75,0.74547615930799,1.215073086321354
private_vote_synthetic,46,0.75,0.7454456293689129,1.2143577188253403
private_vote_synthetic,47,0.75,0.7454456293689129,1.2138240467756987
private_vote_synthetic,48,0.75,0.7454456293689129,1.2135101780295372
private_vote_synthetic,49,0.75,0.7454456293689129,1.213335044682026
same_source_real,-1,0.27734375,0.20556814567732382,1.3861028663814068
same_source_real,0,0.322265625,0.31483024467769394,1.375487431883812
same_source_real,1,0.40234375,0.4048442236147154,1.367733420804143
same_source_real,2,0.4609375,0.4570441662232799,1.3602663576602936
same_source_real,3,0.505859375,0.4935461998113718,1.3527248706668615
same_source_real,4,0.544921875,0.53958616515402,1.346616953611374
same_source_real,5,0.556640625,0.5462325205893115,1.3405558355152607
same_source_real,6,0.595703125,0.5743462124818057,1.3333466276526451
same_source_real,7,0.623046875,0.6006879286997193,1.3274235185235739
same_source_real,8,0.634765625,0.6158633328330438,1.3219673670828342
same_source_real,9,0.638671875,0.6227820557060643,1.3165723867714405
same_source_real,10,0.662109375,0.6456440922586377,1.3113063592463732
same_source_real,11,0.66015625,0.6385674304714761,1.3051512818783522
same_source_real,12,0.67578125,0.6557473796088468,1.2992046549916267
same_source_real,13,0.677734375,0.6620926782097853,1.2935837134718895
same_source_real,14,0.69140625,0.6812389697996056,1.2894774340093136
same_source_real,15,0.673828125,0.6609804024588,1.2850148417055607
same_source_real,16,0.6796875,0.6656218781003771,1.2801027968525887
same_source_real,17,0.681640625,0.6674542362264573,1.2760479804128408
same_source_real,18,0.685546875,0.6702712872292784,1.2705594599246979
same_source_real,19,0.685546875,0.6706964533617156,1.2656433805823326
same_source_real,20,0.6953125,0.6803158912115717,1.2603372726589441
same_source_real,21,0.69140625,0.6736912746261207,1.255020383745432
same_source_real,22,0.697265625,0.6822579344630769,1.2504676207900047
same_source_real,23,0.712890625,0.6976079924511484,1.2455742619931698
same_source_real,24,0.708984375,0.6931516551081768,1.241052160039544
same_source_real,25,0.7109375,0.6962769654931714,1.236405175179243
same_source_real,26,0.70703125,0.6884990067092419,1.2323223296552896
same_source_real,27,0.7109375,0.6945302985418518,1.2285372093319893
same_source_real,28,0.712890625,0.6965108803259972,1.224606528878212
same_source_real,29,0.7109375,0.6950356094216398,1.2209502421319485
same_source_real,30,0.703125,0.687148543067525,1.2172039654105902
same_source_real,31,0.7109375,0.6959314338115443,1.2138122096657753
same_source_real,32,0.71484375,0.6996897403214685,1.2102478239685297
same_source_real,33,0.716796875,0.7012706240775161,1.2077687047421932
same_source_real,34,0.71875,0.7043916623078551,1.2045544628053904
same_source_real,35,0.71484375,0.7013900412878378,1.201910212635994
same_source_real,36,0.70703125,0.6924485736392204,1.1991619393229485
same_source_real,37,0.7109375,0.6964930264739279,1.1965070590376854
same_source_real,38,0.70703125,0.691679935797965,1.194538202136755
same_source_real,39,0.70703125,0.691679935797965,1.1921899616718292
same_source_real,40,0.708984375,0.6936719790097292,1.1900914069265127
same_source_real,41,0.708984375,0.6938797940837036,1.1884268671274185
same_source_real,42,0.70703125,0.6918205914927624,1.1868555843830109
same_source_real,43,0.7109375,0.6968857442089869,1.1852935627102852
same_source_real,44,0.71875,0.7046106628465547,1.1840388011187315
same_source_real,45,0.720703125,0.7064248872653226,1.1828738562762737
same_source_real,46,0.720703125,0.706580718226127,1.1820298600941896
same_source_real,47,0.720703125,0.7064248872653226,1.181507958099246
same_source_real,48,0.720703125,0.7064248872653226,1.1810717154294252
same_source_real,49,0.720703125,0.7064248872653226,1.180838342756033
