epsilon_target,seed,round,accuracy,macro_f1,loss
8,57,-1,0.27734375,0.20556814567732382,1.3861028794199228
8,57,0,0.271484375,0.2213382077640592,1.3833416402339935
8,57,1,0.28125,0.2584990159739764,1.380879471078515
8,57,2,0.291015625,0.28049477668448475,1.378674989566207
8,57,3,0.32421875,0.32007446125937866,1.3770246151834726
8,57,4,0.33984375,0.3406278794322273,1.3749966379255056
8,57,5,0.349609375,0.3515554241536081,1.374020205810666
8,57,6,0.37109375,0.37368243355206465,1.3724216036498547
8,57,7,0.37109375,0.37917188159845255,1.3705428633838892
8,57,8,0.37109375,0.37933021490068475,1.3695737216621637
8,57,9,0.392578125,0.4022566335396368,1.368201496079564
8,57,10,0.396484375,0.40856692315474136,1.3663705047219992
8,57,11,0.40625,0.41872151517674644,1.365192947909236
8,57,12,0.400390625,0.41351956227318315,1.3646050076931715
8,57,13,0.400390625,0.41421579064614406,1.363498704507947
8,57,14,0.400390625,0.415815920862487,1.3622178379446268
8,57,15,0.408203125,0.42227378371580465,1.3614624962210655
8,57,16,0.4140625,0.4277719601889295,1.3611993491649628
8,57,17,0.416015625,0.4324976217604524,1.3601939603686333
8,57,18,0.41796875,0.4348240520381518,1.3599881678819656
8,57,19,0.416015625,0.4323991584728727,1.3596773445606232
8,57,20,0.421875,0.4375848666342611,1.359313601627946
8,57,21,0.421875,0.4386178908162417,1.3581478781998158
8,57,22,0.427734375,0.4445812395196203,1.3572480902075768
8,57,23,0.43359375,0.4499539514162881,1.356510540470481
8,57,24,0.435546875,0.45236591230490214,1.355849077925086
8,57,25,0.4375,0.45397675010299005,1.3550763074308634
8,57,26,0.44140625,0.4583211086250577,1.3544464353471994
8,57,27,0.439453125,0.45636724529122097,1.3537817746400833
8,57,28,0.443359375,0.46015502940811337,1.353195320814848
8,57,29,0.44140625,0.45826242019064445,1.3523776847869158
8,57,30,0.4453125,0.46267781667917973,1.3517404161393642
8,57,31,0.447265625,0.4641475611493292,1.3515655379742384
8,57,32,0.453125,0.4693006825198319,1.3512680977582932
8,57,33,0.458984375,0.47485351744274196,1.3508203271776438
8,57,34,0.458984375,0.47485351744274196,1.3503078445792198
8,57,35,0.451171875,0.4671442471958752,1.3498284723609686
8,57,36,0.455078125,0.4709393570512318,1.3493060916662216
8,57,37,0.458984375,0.47490668941655356,1.3488163072615862
8,57,38,0.458984375,0.4757046051442526,1.3483839258551598
8,57,39,0.462890625,0.47963519911971475,1.3481988832354546
8,57,40,0.466796875,0.4832712388757072,1.3479983154684305
8,57,41,0.46875,0.4846454817020482,1.3477894496172667
8,57,42,0.46875,0.4843582571782546,1.3475664798170328
8,57,43,0.46875,0.48482887127446117,1.3473716340959072
8,57,44,0.46875,0.48482887127446117,1.347248924896121
8,57,45,0.46875,0.48513966360440475,1.3470440115779638
8,57,46,0.470703125,0.4867307345413123,1.3469220139086246
8,57,47,0.470703125,0.4867115948725145,1.3468503896147013
8,57,48,0.470703125,0.4867115948725145,1.3468083068728447
8,57,49,0.46875,0.48485833790653,1.34678890183568
8,58,-1,0.365234375,0.24650103821354413,1.3889098577201366
8,58,0,0.3671875,0.24832096147048427,1.3876120019704103
8,58,1,0.37109375,0.25082005969443544,1.386831920593977
8,58,2,0.369140625,0.24996611241641062,1.3856413010507822
8,58,3,0.361328125,0.24384718478244316,1.3847415186464787
8,58,4,0.359375,0.24241682974559686,1.384286055341363
8,58,5,0.359375,0.24221020900939694,1.3836457282304764
8,58,6,0.361328125,0.24344660194174755,1.3831878993660212
8,58,7,0.361328125,0.24398839458413923,1.3826581872999668
8,58,8,0.357421875,0.24051758965752998,1.3815440982580185
8,58,9,0.357421875,0.24074448872835968,1.381361410021782
8,58,10,0.357421875,0.24051758965752998,1.3815702702850103
8,58,11,0.35546875,0.23842718830270698,1.380987100303173
8,58,12,0.35546875,0.23842718830270698,1.3808829542249441
8,58,13,0.35546875,0.23870405576679343,1.3805492799729109
8,58,14,0.35546875,0.23870405576679343,1.3806507587432861
8,58,15,0.35546875,0.23870405576679343,1.3808741215616465
8,58,16,0.35546875,0.23870405576679343,1.3808245230466127
8,58,17,0.35546875,0.23870405576679343,1.3807710073888302
8,58,18,0.35546875,0.23870405576679343,1.3803998585790396
8,58,19,0.357421875,0.24050187709938747,1.380290137603879
8,58,20,0.357421875,0.24050187709938747,1.3795986883342266
8,58,21,0.357421875,0.24050187709938747,1.3797720205038786
8,58,22,0.357421875,0.24050187709938747,1.379961097612977
8,58,23,0.357421875,0.24050187709938747,1.3800510447472334
8,58,24,0.357421875,0.24050187709938747,1.3795739151537418
8,58,25,0.357421875,0.24050187709938747,1.3797600660473108
8,58,26,0.357421875,0.24050187709938747,1.3795872256159782
8,58,27,0.357421875,0.24050187709938747,1.3796891681849957
8,58,28,0.357421875,0.24050187709938747,1.3796114083379507
8,58,29,0.357421875,0.24050187709938747,1.379656484350562
8,58,30,0.357421875,0.24050187709938747,1.379675880074501
8,58,31,0.357421875,0.24050187709938747,1.3795591462403536
8,58,32,0.357421875,0.24050187709938747,1.379649255424738
8,58,33,0.357421875,0.24050187709938747,1.3794479761272669
8,58,34,0.357421875,0.24050187709938747,1.3795419223606586
8,58,35,0.357421875,0.24050187709938747,1.3795497454702854
8,58,36,0.357421875,0.24050187709938747,1.3795428667217493
8,58,37,0.357421875,0.24050187709938747,1.3796001113951206
8,58,38,0.357421875,0.24050187709938747,1.3795454427599907
8,58,39,0.357421875,0.24050187709938747,1.37960821762681
8,58,40,0.357421875,0.24050187709938747,1.3794873524457216
8,58,41,0.357421875,0.24050187709938747,1.3794855531305075
8,58,42,0.357421875,0.24050187709938747,1.379557428881526
8,58,43,0.357421875,0.24050187709938747,1.3795175142586231
8,58,44,0.357421875,0.24050187709938747,1.379595784470439
8,58,45,0.357421875,0.24050187709938747,1.3796386625617743
8,58,46,0.357421875,0.24050187709938747,1.379593139514327
8,58,47,0.357421875,0.24050187709938747,1.3795630726963282
8,58,48,0.357421875,0.24050187709938747,1.3795168157666922
8,58,49,0.357421875,0.24050187709938747,1.3795126974582672
8,59,-1,0.21875,0.173065019349889,1.3981540501117706
8,59,0,0.21875,0.17948573287828007,1.3951971754431725
8,59,1,0.216796875,0.17634713646664496,1.3933781497180462
8,59,2,0.220703125,0.18060772499317557,1.3905337117612362
8,59,3,0.203125,0.16617904041139425,1.3879483174532652
8,59,4,0.208984375,0.18244815461274658,1.3861460965126753
8,59,5,0.212890625,0.1904334133050845,1.3844613339751959
8,59,6,0.216796875,0.19045009664995652,1.3836467154324055
8,59,7,0.2265625,0.199533202904383,1.3829705826938152
8,59,8,0.22265625,0.18547909070457566,1.381313495337963
8,59,9,0.22265625,0.1858167738277197,1.3794677127152681
8,59,10,0.232421875,0.19084579158017484,1.3775830660015345
8,59,11,0.24609375,0.20411889087327975,1.3758912403136492
8,59,12,0.26171875,0.20933808218854433,1.374683704227209
8,59,13,0.265625,0.21452151559302157,1.3730103000998497
8,59,14,0.2734375,0.21718755995548905,1.3718404863029718
8,59,15,0.27734375,0.22419780474769171,1.3702516369521618
8,59,16,0.287109375,0.25734516433523263,1.3684152122586966
8,59,17,0.294921875,0.26613264112844653,1.3670462779700756
8,59,18,0.30078125,0.2716617679494808,1.3661527279764414
8,59,19,0.2890625,0.2659302570076766,1.364692585542798
8,59,20,0.314453125,0.28357989482586493,1.3635535519570112
8,59,21,0.31640625,0.2868270889013413,1.3624584507197142
8,59,22,0.3125,0.2762464365944635,1.3613356705754995
8,59,23,0.326171875,0.2897274818912068,1.3603472784161568
8,59,24,0.322265625,0.2855345979211398,1.360162066295743
8,59,25,0.318359375,0.27935736784123877,1.35917310975492
8,59,26,0.328125,0.2930294065615024,1.3583678100258112
8,59,27,0.330078125,0.29444444444444445,1.3578810784965754
8,59,28,0.337890625,0.29984927629872643,1.3568408824503422
8,59,29,0.341796875,0.30296702124948505,1.3559340685606003
8,59,30,0.33203125,0.2880576864159221,1.355084927752614
8,59,31,0.33203125,0.2881516283317963,1.3548325262963772
8,59,32,0.333984375,0.29045722630620974,1.354052884504199
8,59,33,0.3359375,0.29280608564496025,1.3532744999974966
8,59,34,0.349609375,0.30744830876297624,1.352720009163022
8,59,35,0.353515625,0.3126161162144356,1.3522384371608496
8,59,36,0.357421875,0.3172177724643619,1.351640310138464
8,59,37,0.359375,0.31930302138849237,1.351034501567483
8,59,38,0.35546875,0.3159750552718851,1.3506572265177965
8,59,39,0.361328125,0.32213086139025976,1.350323397666216
8,59,40,0.365234375,0.3283721509527961,1.3500027190893888
8,59,41,0.365234375,0.3291682926903053,1.3497556131333113
8,59,42,0.3671875,0.33092711014028564,1.3495830912142992
8,59,43,0.3671875,0.33076201552142503,1.3493432085961103
8,59,44,0.369140625,0.3329275180013621,1.3490872420370579
8,59,45,0.369140625,0.3327653454344033,1.3489697482436895
8,59,46,0.369140625,0.3329275180013621,1.3487937822937965
8,59,47,0.369140625,0.3327653454344033,1.34871388040483
8,59,48,0.369140625,0.3326070339716095,1.348645443096757
8,59,49,0.369140625,0.3326070339716095,1.3485994432121515
4,57,-1,0.27734375,0.20556814567732382,1.386102870106697
4,57,0,0.275390625,0.23033664866763884,1.3829698972404003
4,57,1,0.279296875,0.242675330054491,1.3805999141186476
4,57,2,0.275390625,0.2707714784053982,1.3777330312877893
4,57,3,0.326171875,0.3301696543738457,1.375398775562644
4,57,4,0.33984375,0.34274300314519196,1.3741045761853456
4,57,5,0.345703125,0.34742606390715214,1.372917814180255
4,57,6,0.369140625,0.3732480864086658,1.370886454358697
4,57,7,0.3671875,0.3779077952530976,1.3688298482447863
4,57,8,0.380859375,0.39013242854706276,1.3683033045381308
4,57,9,0.39453125,0.40452637800659696,1.3664842993021011
4,57,10,0.40625,0.4168343890341886,1.364566646516323
4,57,11,0.4140625,0.42579505783731136,1.3634867072105408
4,57,12,0.408203125,0.4198252151539349,1.3626005835831165
4,57,13,0.41796875,0.43061611356116236,1.3612320870161057
4,57,14,0.42578125,0.438151500378825,1.3599826041609049
4,57,15,0.435546875,0.4486421042017718,1.358902595937252
4,57,16,0.43359375,0.44412836907806985,1.3582688197493553
4,57,17,0.4375,0.45138863718738675,1.3567304983735085
4,57,18,0.435546875,0.44918470378548947,1.3565129153430462
4,57,19,0.4375,0.4516222102188582,1.3559135682880878
4,57,20,0.439453125,0.45290473455577357,1.3552400041371584
4,57,21,0.439453125,0.45354735734373325,1.3541677612811327
4,57,22,0.443359375,0.4572322902526015,1.3539439868181944
4,57,23,0.44921875,0.461462613573474,1.3532574009150267
4,57,24,0.447265625,0.45975892629991877,1.3524358738213778
4,57,25,0.44921875,0.4607195708472068,1.3519643694162369
4,57,26,0.451171875,0.464580587773903,1.351044688373804
4,57,27,0.451171875,0.4639172587195717,1.3502848017960787
4,57,28,0.453125,0.46575480656516577,1.3498349711298943
4,57,29,0.462890625,0.4760687903309157,1.3488222155719995
4,57,30,0.4609375,0.4740655012819351,1.3481095023453236
4,57,31,0.462890625,0.47569919734131744,1.347898693755269
4,57,32,0.466796875,0.47872578859225,1.3472312334924936
4,57,33,0.46875,0.480706935093942,1.3467229530215263
4,57,34,0.466796875,0.4791739652133904,1.3460536003112793
4,57,35,0.46875,0.4822875885549336,1.3453616108745337
4,57,36,0.470703125,0.483671361963379,1.3449170589447021
4,57,37,0.47265625,0.48486578803375086,1.3445977419614792
4,57,38,0.46875,0.48076728040552985,1.3444360122084618
4,57,39,0.47265625,0.48416660532450007,1.344114601612091
4,57,40,0.4765625,0.4884097055420831,1.3437748793512583
4,57,41,0.48046875,0.4920816502103052,1.34352096170187
4,57,42,0.48046875,0.4920816502103052,1.3432454243302345
4,57,43,0.48046875,0.4918442852006269,1.3430266827344894
4,57,44,0.48046875,0.49161356114031923,1.3428633604198694
4,57,45,0.478515625,0.4904874768390887,1.342683045193553
4,57,46,0.478515625,0.4904874768390887,1.3425460308790207
4,57,47,0.478515625,0.4904874768390887,1.342473890632391
4,57,48,0.478515625,0.4904874768390887,1.3424348440021276
4,57,49,0.478515625,0.4904874768390887,1.342416487634182
4,58,-1,0.365234375,0.24650103821354413,1.3889098539948463
4,58,0,0.365234375,0.24650103821354413,1.3874200507998466
4,58,1,0.369140625,0.24957034851558177,1.3860825281590223
4,58,2,0.369140625,0.2497066250742721,1.3854864817112684
4,58,3,0.37109375,0.2511997913406364,1.3853487502783537
4,58,4,0.373046875,0.2524521879338917,1.3849796876311302
4,58,5,0.37109375,0.250837495887297,1.3840278014540672
4,58,6,0.369140625,0.2502263262719537,1.3833403959870338
4,58,7,0.369140625,0.2502263262719537,1.3831991497427225
4,58,8,0.361328125,0.24384718478244316,1.3827164229005575
4,58,9,0.365234375,0.24745386556410173,1.3822191823273897
4,58,10,0.36328125,0.2457851692785672,1.3822515271604061
4,58,11,0.361328125,0.24388549940524157,1.381032396107912
4,58,12,0.361328125,0.24388549940524157,1.3808384854346514
4,58,13,0.359375,0.242439652050636,1.3804480396211147
4,58,14,0.359375,0.242439652050636,1.380787743255496
4,58,15,0.359375,0.24217981053149606,1.3810483757406473
4,58,16,0.359375,0.2424863865520107,1.3805245235562325
4,58,17,0.35546875,0.2392589118198874,1.3808369040489197
4,58,18,0.359375,0.2424863865520107,1.3805507961660624
4,58,19,0.35546875,0.23899120856833056,1.3809599410742521
4,58,20,0.353515625,0.23775987689215503,1.3803532756865025
4,58,21,0.353515625,0.23775987689215503,1.3802134674042463
4,58,22,0.353515625,0.23775987689215503,1.380048993974924
4,58,23,0.353515625,0.23775987689215503,1.3804206140339375
4,58,24,0.353515625,0.23775987689215503,1.379692655056715
4,58,25,0.353515625,0.23775987689215503,1.379826718941331
4,58,26,0.353515625,0.23775987689215503,1.3799017872661352
4,58,27,0.353515625,0.23775987689215503,1.3799359276890755
4,58,28,0.353515625,0.23775987689215503,1.379970347508788
4,58,29,0.353515625,0.23775987689215503,1.379727965220809
4,58,30,0.353515625,0.23775987689215503,1.3799503184854984
4,58,31,0.353515625,0.23775987689215503,1.3797687515616417
4,58,32,0.353515625,0.23775987689215503,1.3797645438462496
4,58,33,0.353515625,0.23775987689215503,1.3793148789554834
4,58,34,0.353515625,0.23775987689215503,1.3792375940829515
4,58,35,0.353515625,0.23775987689215503,1.3791025541722775
4,58,36,0.353515625,0.2379841729335137,1.3788882959634066
4,58,37,0.353515625,0.2379841729335137,1.3787724822759628
4,58,38,0.353515625,0.2379841729335137,1.378650352358818
4,58,39,0.35546875,0.2392152689087555,1.3785906583070755
4,58,40,0.35546875,0.2392152689087555,1.3784526884555817
4,58,41,0.353515625,0.23742553292353397,1.378310540691018
4,58,42,0.353515625,0.23742553292353397,1.3783027399331331
4,58,43,0.353515625,0.23742553292353397,1.3783605378121138
4,58,44,0.35546875,0.2392152689087555,1.3783822394907475
4,58,45,0.35546875,0.2392152689087555,1.3784036953002214
4,58,46,0.35546875,0.2392152689087555,1.3783436994999647
4,58,47,0.35546875,0.2392152689087555,1.3782938569784164
4,58,48,0.35546875,0.2392152689087555,1.3782591875642538
4,58,49,0.353515625,0.23742553292353397,1.378240317106247
4,59,-1,0.21875,0.173065019349889,1.3981540575623512
4,59,0,0.21484375,0.17273734286743958,1.3950330894440413
4,59,1,0.2265625,0.1879661038793572,1.3921206090599298
4,59,2,0.244140625,0.20453744224406997,1.3889640048146248
4,59,3,0.21875,0.19163658059820937,1.386097475886345
4,59,4,0.201171875,0.18817590401402737,1.3838340304791927
4,59,5,0.205078125,0.1968926764196268,1.3817254435271025
4,59,6,0.212890625,0.20747985804635602,1.380172597244382
4,59,7,0.224609375,0.21905257678674692,1.378605805337429
4,59,8,0.228515625,0.2215158454985715,1.3766800910234451
4,59,9,0.21875,0.21297552182587656,1.3746635559946299
4,59,10,0.228515625,0.21644746943329612,1.373471051454544
4,59,11,0.23828125,0.23208024778270128,1.3716900181025267
4,59,12,0.24609375,0.23540227454785154,1.3711195960640907
4,59,13,0.248046875,0.23617088278558732,1.3693995606154203
4,59,14,0.259765625,0.2370702588219262,1.367852557450533
4,59,15,0.263671875,0.2401288404815996,1.3668015729635954
4,59,16,0.27734375,0.2598051136374645,1.3654581550508738
4,59,17,0.275390625,0.2594053617747243,1.3640997968614101
4,59,18,0.298828125,0.28233673045326657,1.363195102661848
4,59,19,0.294921875,0.28424064547884775,1.3621042557060719
4,59,20,0.306640625,0.28964349603884487,1.3607126586139202
4,59,21,0.3046875,0.2943414634452593,1.359649047255516
4,59,22,0.3046875,0.2887613276705133,1.3582317400723696
4,59,23,0.30859375,0.28924530340057414,1.3569643218070269
4,59,24,0.3203125,0.2991699553794306,1.356053875759244
4,59,25,0.314453125,0.2978109805311129,1.3547471184283495
4,59,26,0.3203125,0.30427097813279247,1.3539223987609148
4,59,27,0.322265625,0.3036696153959314,1.3531257901340723
4,59,28,0.328125,0.3029695860499547,1.3520870078355074
4,59,29,0.330078125,0.30874331291620266,1.351388219743967
4,59,30,0.337890625,0.3127898581778858,1.350665144622326
4,59,31,0.345703125,0.32139758640064026,1.349807258695364
4,59,32,0.345703125,0.32221938636570385,1.349005902186036
4,59,33,0.345703125,0.32551216653028925,1.348491558805108
4,59,34,0.345703125,0.3273612793671502,1.3476139064878225
4,59,35,0.345703125,0.3313806921305185,1.3472173158079386
4,59,36,0.353515625,0.33939337417777954,1.3465705588459969
4,59,37,0.35546875,0.34753267527818776,1.3459683377295732
4,59,38,0.359375,0.35184808816615776,1.345359968021512
4,59,39,0.359375,0.35072201297012084,1.3450652472674847
4,59,40,0.359375,0.3503455608718767,1.3448401615023613
4,59,41,0.357421875,0.34915239603477205,1.3445440083742142
4,59,42,0.359375,0.3520726498120428,1.3443733360618353
4,59,43,0.361328125,0.35415695415695414,1.3441061116755009
4,59,44,0.361328125,0.35279662032392467,1.343811085447669
4,59,45,0.357421875,0.34882603261516487,1.343729641288519
4,59,46,0.359375,0.3512893648107319,1.343603840097785
4,59,47,0.359375,0.3512893648107319,1.3435263652354479
4,59,48,0.359375,0.3512893648107319,1.3434489537030458
4,59,49,0.359375,0.3512893648107319,1.3434153124690056
2,57,-1,0.27734375,0.20556814567732382,1.3861028663814068
2,57,0,0.275390625,0.21983167615783222,1.3829899113625288
2,57,1,0.279296875,0.22565998047111416,1.3812326863408089
2,57,2,0.283203125,0.24679778809732572,1.3784437589347363
2,57,3,0.29296875,0.2781927792577299,1.375655448064208
2,57,4,0.298828125,0.2869843190083798,1.3744758069515228
2,57,5,0.322265625,0.3147437585515571,1.372963897883892
2,57,6,0.365234375,0.3655756816732229,1.3708105478435755
2,57,7,0.36328125,0.36417733113249195,1.3688105940818787
2,57,8,0.380859375,0.38328914584590856,1.3676832001656294
2,57,9,0.3984375,0.4020819277760176,1.366000734269619
2,57,10,0.41796875,0.42194551350149073,1.3643333464860916
2,57,11,0.416015625,0.42299313944621375,1.3624573480337858
2,57,12,0.419921875,0.4314372358761608,1.3605243247002363
2,57,13,0.404296875,0.4169520784263901,1.359287116676569
2,57,14,0.40625,0.42013920117024117,1.3579333946108818
2,57,15,0.421875,0.4369223822065896,1.35622469894588
2,57,16,0.42578125,0.44261896260805184,1.3550375252962112
2,57,17,0.4296875,0.4456555810259019,1.3537396807223558
2,57,18,0.4296875,0.44629463772291,1.3532910849899054
2,57,19,0.4375,0.4533584952613791,1.3525578901171684
2,57,20,0.4453125,0.4612730213542907,1.3514226842671633
2,57,21,0.44140625,0.457095054957257,1.349837675690651
2,57,22,0.4453125,0.46140427038245274,1.3484015762805939
2,57,23,0.451171875,0.46740974165031424,1.3479992467910051
2,57,24,0.451171875,0.4672269231165896,1.3469639420509338
2,57,25,0.46484375,0.48104139646798805,1.3462876603007317
2,57,26,0.4609375,0.4770751951827985,1.3451834209263325
2,57,27,0.455078125,0.4708868803091555,1.3443234879523516
2,57,28,0.466796875,0.4830705493074309,1.3438218887895346
2,57,29,0.462890625,0.47966458521262234,1.3429561387747526
2,57,30,0.458984375,0.47580804770231455,1.3421419356018305
2,57,31,0.462890625,0.47966458521262234,1.342093387618661
2,57,32,0.447265625,0.4651539797288005,1.3414027616381645
2,57,33,0.447265625,0.4644767915488072,1.341005902737379
2,57,34,0.458984375,0.4758586155242911,1.3402719534933567
2,57,35,0.453125,0.4708691072776099,1.3394314981997013
2,57,36,0.45703125,0.4749351307540962,1.3387208208441734
2,57,37,0.4609375,0.4786516588703287,1.3381466176360846
2,57,38,0.4609375,0.478472350619725,1.33772043697536
2,57,39,0.462890625,0.4804449072868755,1.337496129795909
2,57,40,0.46875,0.48594667018332227,1.3372317105531693
2,57,41,0.46875,0.48583048530416956,1.3370009772479534
2,57,42,0.466796875,0.48399181192935165,1.3366186879575253
2,57,43,0.46484375,0.4821060921060921,1.3363376911729574
2,57,44,0.46875,0.4861541300184849,1.3361603058874607
2,57,45,0.466796875,0.48399181192935165,1.3359190076589584
2,57,46,0.46875,0.4858642188627083,1.3357187807559967
2,57,47,0.470703125,0.48802653695184156,1.335604015737772
2,57,48,0.47265625,0.4906467237825547,1.3355628903955221
2,57,49,0.47265625,0.4906467237825547,1.335536751896143
2,58,-1,0.365234375,0.24650103821354413,1.3889098521322012
2,58,0,0.369140625,0.24957034851558177,1.387350158765912
2,58,1,0.369140625,0.24957034851558177,1.3863677456974983
2,58,2,0.369140625,0.24946982841719684,1.3856708891689777
2,58,3,0.37109375,0.2513394264103372,1.3848267309367657
2,58,4,0.37109375,0.2513394264103372,1.3843528218567371
2,58,5,0.369140625,0.24996611241641062,1.383644312620163
2,58,6,0.361328125,0.244106202792401,1.3828247878700495
2,58,7,0.361328125,0.24365425857843137,1.382577320560813
2,58,8,0.36328125,0.2453484283268102,1.3819845970720053
2,58,9,0.359375,0.24217981053149606,1.3813513275235891
2,58,10,0.361328125,0.24341431092003174,1.3810957241803408
2,58,11,0.361328125,0.24367704280155644,1.3807353433221579
2,58,12,0.361328125,0.24341431092003174,1.380968976765871
2,58,13,0.36328125,0.24512487696850394,1.3806099817156792
2,58,14,0.361328125,0.24367704280155644,1.3808240722864866
2,58,15,0.361328125,0.24367704280155644,1.3807907104492188
2,58,16,0.361328125,0.24367704280155644,1.380650769919157
2,58,17,0.361328125,0.24367704280155644,1.3805420156568289
2,58,18,0.361328125,0.24367704280155644,1.3801789321005344
2,58,19,0.361328125,0.24367704280155644,1.380202503874898
2,58,20,0.36328125,0.24562283843873517,1.3793646600097418
2,58,21,0.361328125,0.24367704280155644,1.379643578082323
2,58,22,0.361328125,0.24367704280155644,1.3797795251011848
2,58,23,0.36328125,0.24512487696850394,1.380089271813631
2,58,24,0.36328125,0.24512487696850394,1.379644887521863
2,58,25,0.36328125,0.24512487696850394,1.3797385729849339
2,58,26,0.36328125,0.24512487696850394,1.3796426989138126
2,58,27,0.36328125,0.2453580288765274,1.3795856777578592
2,58,28,0.36328125,0.24562283843873517,1.3795459549874067
2,58,29,0.361328125,0.2439083820662768,1.3793489933013916
2,58,30,0.361328125,0.2439083820662768,1.3792578149586916
2,58,31,0.361328125,0.2439083820662768,1.3793383948504925
2,58,32,0.361328125,0.2439083820662768,1.3794110678136349
2,58,33,0.361328125,0.2439083820662768,1.3791965153068304
2,58,34,0.361328125,0.2439083820662768,1.379135249182582
2,58,35,0.361328125,0.2439083820662768,1.3789387661963701
2,58,36,0.361328125,0.2439083820662768,1.3787452355027199
2,58,37,0.361328125,0.2439083820662768,1.3786159455776215
2,58,38,0.361328125,0.2439083820662768,1.3785103131085634
2,58,39,0.361328125,0.2439083820662768,1.3785246517509222
2,58,40,0.361328125,0.2439083820662768,1.3784090615808964
2,58,41,0.361328125,0.24417505076968393,1.378252349793911
2,58,42,0.361328125,0.2439083820662768,1.378362374380231
2,58,43,0.361328125,0.2439083820662768,1.3783332351595163
2,58,44,0.361328125,0.2439083820662768,1.3783847521990538
2,58,45,0.361328125,0.2439083820662768,1.3784695826470852
2,58,46,0.361328125,0.2439083820662768,1.3784214910119772
2,58,47,0.361328125,0.2439083820662768,1.37838483043015
2,58,48,0.361328125,0.2439083820662768,1.3783510476350784
2,58,49,0.361328125,0.2439083820662768,1.3783462699502707
2,59,-1,0.21875,0.173065019349889,1.3981540575623512
2,59,0,0.203125,0.156736584986955,1.395324433222413
2,59,1,0.2109375,0.16917703585922547,1.3923563528805971
2,59,2,0.216796875,0.1869678932178932,1.3891785629093647
2,59,3,0.19921875,0.17706211987615533,1.3864578437060118
2,59,4,0.20703125,0.19081552476096794,1.3841760773211718
2,59,5,0.220703125,0.20896173895658127,1.3824276681989431
2,59,6,0.224609375,0.21794315313472742,1.3805359713733196
2,59,7,0.232421875,0.22348528685852107,1.3781172819435596
2,59,8,0.25,0.23423095214759668,1.3766196928918362
2,59,9,0.251953125,0.23244275981499452,1.3742510173469782
2,59,10,0.2734375,0.24446100835917478,1.3722791131585836
2,59,11,0.283203125,0.25834776685837485,1.370155654847622
2,59,12,0.291015625,0.26022432631692305,1.3690723646432161
2,59,13,0.3046875,0.2668859987538733,1.3672163728624582
2,59,14,0.302734375,0.26138515411206165,1.3654558975249529
2,59,15,0.310546875,0.26991748611287464,1.364205751568079
2,59,16,0.326171875,0.2964070527463608,1.3624508660286665
2,59,17,0.330078125,0.3010195453771721,1.3610380329191685
2,59,18,0.341796875,0.3139539744418136,1.3595653995871544
2,59,19,0.345703125,0.32447171886166,1.3582162149250507
2,59,20,0.35546875,0.33161626900446217,1.3568927627056837
2,59,21,0.3671875,0.3495509816492942,1.3556106518954039
2,59,22,0.365234375,0.3452131641987225,1.353969868272543
2,59,23,0.369140625,0.34301371151564614,1.3524637818336487
2,59,24,0.3671875,0.33927076000745604,1.3512634206563234
2,59,25,0.375,0.3504157180327353,1.3503695875406265
2,59,26,0.384765625,0.3608821987805872,1.3493275698274374
2,59,27,0.3828125,0.35549412856884816,1.3485881723463535
2,59,28,0.376953125,0.3431549894366487,1.347460649907589
2,59,29,0.38671875,0.3559567753634668,1.346511248499155
2,59,30,0.38671875,0.3565511316489178,1.3456616718322039
2,59,31,0.392578125,0.3636918905562345,1.3448826782405376
2,59,32,0.41015625,0.38097375809068257,1.3440330009907484
2,59,33,0.41796875,0.3916450727920281,1.3432017490267754
2,59,34,0.423828125,0.39105369828233494,1.3423281982541084
2,59,35,0.43359375,0.4054113275234923,1.3416236750781536
2,59,36,0.435546875,0.40899898022107267,1.3408195693045855
2,59,37,0.439453125,0.4150090490837325,1.3402577359229326
2,59,38,0.44140625,0.418321306783583,1.339902475476265
2,59,39,0.44140625,0.4179837519421333,1.339550707489252
2,59,40,0.443359375,0.42020071485777283,1.3392552640289068
2,59,41,0.4453125,0.4200198044934887,1.33886912278831
2,59,42,0.447265625,0.4230668724588841,1.3385153766721487
2,59,43,0.44921875,0.4252844120634434,1.3381897117942572
2,59,44,0.451171875,0.4275973510043111,1.3379086200147867
2,59,45,0.453125,0.4293243059675319,1.3377652242779732
2,59,46,0.46484375,0.44398442303750774,1.3375797849148512
2,59,47,0.46484375,0.44398442303750774,1.3375200666487217
2,59,48,0.4609375,0.43888378762196895,1.337426483631134
2,59,49,0.458984375,0.4363827930398799,1.337379813194275
1,57,-1,0.27734375,0.20556814567732382,1.386102868244052
1,57,0,0.275390625,0.22059761260562386,1.38323076069355
1,57,1,0.265625,0.23490283241842677,1.3802768643945456
1,57,2,0.29296875,0.2847341660642323,1.3772361129522324
1,57,3,0.30078125,0.29548891491371054,1.3755208048969507
1,57,4,0.322265625,0.31970313224903835,1.3741139248013496
1,57,5,0.3359375,0.335248111361382,1.3730304054915905
1,57,6,0.341796875,0.34323257425096376,1.3713463228195906
1,57,7,0.349609375,0.3577946863870447,1.3691702280193567
1,57,8,0.349609375,0.357906679266442,1.368058443069458
1,57,9,0.359375,0.36739323600877394,1.3673608228564262
1,57,10,0.349609375,0.35764153473437155,1.3658070638775826
1,57,11,0.369140625,0.3786082871846056,1.3642520867288113
1,57,12,0.365234375,0.375208396564855,1.3632253911346197
1,57,13,0.376953125,0.38793670465310176,1.3625019788742065
1,57,14,0.392578125,0.4030498423345139,1.3610603101551533
1,57,15,0.396484375,0.40698108108024633,1.3600218184292316
1,57,16,0.396484375,0.40698108108024633,1.3600216135382652
1,57,17,0.392578125,0.40310026296220497,1.3587622940540314
1,57,18,0.392578125,0.40305011106363864,1.3585427980870008
1,57,19,0.40234375,0.41180074957837653,1.3581525906920433
1,57,20,0.41015625,0.41869223041914727,1.3577150497585535
1,57,21,0.39453125,0.4059015621264306,1.3564761281013489
1,57,22,0.3984375,0.4092852835853955,1.3558638244867325
1,57,23,0.419921875,0.43231425016988545,1.3551582545042038
1,57,24,0.42578125,0.43770657070370916,1.35430864430964
1,57,25,0.431640625,0.4438680475655532,1.3537638485431671
1,57,26,0.42578125,0.4372404739322054,1.3529524877667427
1,57,27,0.427734375,0.43907138472892254,1.3523419480770826
1,57,28,0.431640625,0.44312628172535695,1.3517616596072912
1,57,29,0.44140625,0.45339817907750835,1.3508977815508842
1,57,30,0.443359375,0.45490932903104586,1.350340809673071
1,57,31,0.44140625,0.4531079202023029,1.3502605240792036
1,57,32,0.44921875,0.46073994109809074,1.3500219881534576
1,57,33,0.44921875,0.4613665520253603,1.3496631290763617
1,57,34,0.45703125,0.46936780892846813,1.3490757457911968
1,57,35,0.455078125,0.4673741169130838,1.3488187957555056
1,57,36,0.458984375,0.47126148993350886,1.3484998401254416
1,57,37,0.4609375,0.47284422730426173,1.3481415808200836
1,57,38,0.46484375,0.47693778088327987,1.3477567750960588
1,57,39,0.46484375,0.47693778088327987,1.3476205989718437
1,57,40,0.466796875,0.4787634377109386,1.3472616001963615
1,57,41,0.466796875,0.47838172959640957,1.347032131627202
1,57,42,0.46875,0.48024144497615073,1.3468263503164053
1,57,43,0.46875,0.48024144497615073,1.3466394767165184
1,57,44,0.46875,0.48024144497615073,1.3464560452848673
1,57,45,0.466796875,0.4784740658088266,1.346351495012641
1,57,46,0.466796875,0.4784740658088266,1.3462175913155079
1,57,47,0.466796875,0.4784740658088266,1.346151178702712
1,57,48,0.466796875,0.4784740658088266,1.3460954185575247
1,57,49,0.466796875,0.4784740658088266,1.346072267740965
1,58,-1,0.365234375,0.24650103821354413,1.388909850269556
1,58,0,0.3671875,0.24832096147048427,1.3869479354470968
1,58,1,0.3671875,0.24832096147048427,1.3864409383386374
1,58,2,0.369140625,0.24981152993348116,1.385208260267973
1,58,3,0.37109375,0.250837495887297,1.3843409661203623
1,58,4,0.37109375,0.250837495887297,1.3840248975902796
1,58,5,0.37109375,0.250837495887297,1.3833362869918346
1,58,6,0.365234375,0.24667447660796615,1.3823437318205833
1,58,7,0.36328125,0.2452662721893491,1.3822443913668394
1,58,8,0.36328125,0.24531965477437256,1.3806782811880112
1,58,9,0.36328125,0.2450634804370384,1.3793976288288832
1,58,10,0.36328125,0.2450634804370384,1.3793118745088577
1,58,11,0.365234375,0.2467425159732852,1.3790725134313107
1,58,12,0.36328125,0.2450634804370384,1.3787978701293468
1,58,13,0.36328125,0.2452983808082198,1.378465197980404
1,58,14,0.36328125,0.24555363215784798,1.377938136458397
1,58,15,0.36328125,0.24555363215784798,1.3777274824678898
1,58,16,0.35546875,0.23967800672310757,1.376828208565712
1,58,17,0.357421875,0.24141117634268322,1.376628553494811
1,58,18,0.35546875,0.23990924754991777,1.376564821228385
1,58,19,0.357421875,0.24164332399626515,1.376554498448968
1,58,20,0.36328125,0.249462702754759,1.375793045386672
1,58,21,0.357421875,0.241876383821374,1.3759938273578882
1,58,22,0.357421875,0.241876383821374,1.3759445305913687
1,58,23,0.35546875,0.24014139520349972,1.3761575538665056
1,58,24,0.353515625,0.24178891400918343,1.3754522018134594
1,58,25,0.353515625,0.24147813674387333,1.3751867413520813
1,58,26,0.349609375,0.23974191483127327,1.3746192269027233
1,58,27,0.349609375,0.2400236824500281,1.3747807573527098
1,58,28,0.349609375,0.2400236824500281,1.3747783936560154
1,58,29,0.34765625,0.23914329107220694,1.3745552320033312
1,58,30,0.34765625,0.23914329107220694,1.3745351750403643
1,58,31,0.349609375,0.2427575774402361,1.3742588385939598
1,58,32,0.349609375,0.2427575774402361,1.3740915581583977
1,58,33,0.34765625,0.24136367559545496,1.3736022021621466
1,58,34,0.34765625,0.24160896278141525,1.373385889455676
1,58,35,0.345703125,0.2401519712782089,1.3731510732322931
1,58,36,0.345703125,0.24034236177692553,1.3729666359722614
1,58,37,0.345703125,0.24053429423459244,1.3728345166891813
1,58,38,0.34375,0.23847586954081612,1.3726519662886858
1,58,39,0.345703125,0.23996484858904235,1.372796067968011
1,58,40,0.34375,0.23847586954081612,1.3725457228720188
1,58,41,0.345703125,0.24219959589074447,1.3724203892052174
1,58,42,0.345703125,0.24219959589074447,1.372442603111267
1,58,43,0.345703125,0.24219959589074447,1.3723264168947935
1,58,44,0.345703125,0.24219959589074447,1.3723252955824137
1,58,45,0.345703125,0.24237185921345578,1.3723104000091553
1,58,46,0.34375,0.24155383623468735,1.3721875865012407
1,58,47,0.34375,0.24172767103623966,1.3721173088997602
1,58,48,0.34375,0.24190325441279073,1.3720549829304218
1,58,49,0.34375,0.24190325441279073,1.3720428869128227
1,59,-1,0.21875,0.173065019349889,1.3981540650129318
1,59,0,0.20703125,0.16604105849630146,1.3957402929663658
1,59,1,0.208984375,0.16708362152362477,1.3935753516852856
1,59,2,0.193359375,0.16371858708930445,1.390279421582818
1,59,3,0.189453125,0.17498262261552558,1.387578547000885
1,59,4,0.19921875,0.19199166871152545,1.3853730168193579
1,59,5,0.19921875,0.19494495472607648,1.3833936303853989
1,59,6,0.20703125,0.19697085606721146,1.3812520131468773
1,59,7,0.2109375,0.20154397010115604,1.3796636704355478
1,59,8,0.224609375,0.20849647605218954,1.3774637691676617
1,59,9,0.234375,0.22484120635648297,1.3758738115429878
1,59,10,0.2421875,0.23069721949840616,1.3742107301950455
1,59,11,0.248046875,0.2338884439109577,1.3729984518140554
1,59,12,0.265625,0.24442602168160343,1.3719159662723541
1,59,13,0.263671875,0.24800792603113564,1.3702218178659678
1,59,14,0.279296875,0.26007148452800627,1.3690614644438028
1,59,15,0.298828125,0.26783401494440656,1.3674343507736921
1,59,16,0.306640625,0.2797653459125608,1.3666069116443396
1,59,17,0.314453125,0.2858565729899358,1.3655275497585535
1,59,18,0.326171875,0.2989716131447804,1.363831216469407
1,59,19,0.32421875,0.2975017062292212,1.3621065746992826
1,59,20,0.32421875,0.2986491593613241,1.3611745424568653
1,59,21,0.330078125,0.29574109559415496,1.3599845431745052
1,59,22,0.330078125,0.2981298729717712,1.358598630875349
1,59,23,0.337890625,0.3055355730003451,1.3575551267713308
1,59,24,0.33984375,0.30792465705998995,1.3563258908689022
1,59,25,0.35546875,0.327962322089784,1.3553492911159992
1,59,26,0.36328125,0.33736281402672474,1.354250393807888
1,59,27,0.37109375,0.34638704073684434,1.3535342197865248
1,59,28,0.37890625,0.3559695289746006,1.3525402043014765
1,59,29,0.38671875,0.3644388434636112,1.3517654277384281
1,59,30,0.388671875,0.3642881370305737,1.3509173970669508
1,59,31,0.38671875,0.3618115000320527,1.3506591003388166
1,59,32,0.3828125,0.3582269822513671,1.3495952989906073
1,59,33,0.384765625,0.35979623740275973,1.3490742798894644
1,59,34,0.388671875,0.36555176385516036,1.3481483329087496
1,59,35,0.392578125,0.37018868169176017,1.347550168633461
1,59,36,0.388671875,0.36555176385516036,1.3467870317399502
1,59,37,0.39453125,0.37202355181453317,1.3462357725948095
1,59,38,0.392578125,0.36975158707644623,1.3457339946180582
1,59,39,0.396484375,0.3742113568084749,1.3455269820988178
1,59,40,0.396484375,0.3733530888513463,1.3452298808842897
1,59,41,0.39453125,0.3704387385336342,1.3448198176920414
1,59,42,0.392578125,0.36780999912131607,1.344583846628666
1,59,43,0.39453125,0.36973929868887145,1.3442223276942968
1,59,44,0.39453125,0.36973929868887145,1.3440300766378641
1,59,45,0.396484375,0.3722116120839609,1.34386189840734
1,59,46,0.39453125,0.36990596443324614,1.3436893876641989
1,59,47,0.39453125,0.36990596443324614,1.3436542879790068
1,59,48,0.39453125,0.36990596443324614,1.343593928962946
1,59,49,0.396484375,0.3722116120839609,1.3435477763414383
