arm,seed,round,accuracy,macro_f1,loss
public,57,-1,0.27734375,0.20556814567732382,1.386102870106697
public,57,0,0.26171875,0.23211851606792264,1.3822742141783237
public,57,1,0.279296875,0.25834312569405504,1.3800027593970299
public,57,2,0.298828125,0.28807967631497045,1.3778181839734316
public,57,3,0.3125,0.3034883846698667,1.3761535100638866
public,57,4,0.3203125,0.3158341972297495,1.3747218381613493
public,57,5,0.322265625,0.32278428093645484,1.3728289064019918
public,57,6,0.33203125,0.3338344891416922,1.3712170999497175
public,57,7,0.357421875,0.36398639310173464,1.3698923233896494
public,57,8,0.359375,0.3666838257944207,1.3681917283684015
public,57,9,0.37109375,0.37953046099729126,1.366882337257266
public,57,10,0.384765625,0.39543843868703416,1.365674450993538
public,57,11,0.40234375,0.4138844231804947,1.3642423897981644
public,57,12,0.40234375,0.41478597866478767,1.3632451090961695
public,57,13,0.38671875,0.39794470319562114,1.3621789291501045
public,57,14,0.388671875,0.4017274955750335,1.3606884349137545
public,57,15,0.39453125,0.4068652473672376,1.359940191730857
public,57,16,0.39453125,0.4083125053187956,1.3588461820036173
public,57,17,0.404296875,0.4195657146151251,1.3579189646989107
public,57,18,0.41015625,0.4248117626236598,1.3571594879031181
public,57,19,0.419921875,0.4364495798319328,1.356115086004138
public,57,20,0.42578125,0.4425869299318539,1.3556097317487001
public,57,21,0.4296875,0.4457204689174762,1.355248000472784
public,57,22,0.4375,0.45463026937121886,1.3541317954659462
public,57,23,0.435546875,0.45270126457692617,1.3533143177628517
public,57,24,0.439453125,0.4564240324218915,1.352736335247755
public,57,25,0.439453125,0.4566488351104258,1.352167198434472
public,57,26,0.439453125,0.456167412067641,1.351552015170455
public,57,27,0.443359375,0.46021883402670577,1.3508687373250723
public,57,28,0.458984375,0.4752313813727877,1.3501898888498545
public,57,29,0.45703125,0.47345849831103093,1.3498023580759764
public,57,30,0.4609375,0.47695555368189646,1.349212471395731
public,57,31,0.462890625,0.479926451284551,1.3484971281141043
public,57,32,0.466796875,0.4834908500055526,1.3480776716023684
public,57,33,0.46875,0.4855069870086176,1.3474189285188913
public,57,34,0.470703125,0.4869197046358762,1.3471546210348606
public,57,35,0.470703125,0.4869078894992437,1.346859648823738
public,57,36,0.474609375,0.4910975897315639,1.3464283719658852
public,57,37,0.47265625,0.489021686047279,1.3460634723305702
public,57,38,0.474609375,0.49085672004650915,1.3456817138940096
public,57,39,0.474609375,0.4919389241502854,1.3451811112463474
public,57,40,0.4765625,0.4937980839500924,1.3449865859001875
public,57,41,0.4765625,0.4937980839500924,1.3447324316948652
public,57,42,0.4765625,0.49351011307533044,1.344526657834649
public,57,43,0.4765625,0.4940932311621967,1.3443564027547836
public,57,44,0.4765625,0.49351011307533044,1.344184547662735
public,57,45,0.4765625,0.4937980839500924,1.344006983563304
public,57,46,0.4765625,0.4937980839500924,1.3438876885920763
public,57,47,0.4765625,0.4937980839500924,1.3438720405101776
public,57,48,0.4765625,0.4937980839500924,1.3438624702394009
public,57,49,0.4765625,0.4940932311621967,1.3438279796391726
