seed,arm,round,accuracy,macro_f1,loss
57,no_cloud,-1,0.27734375,0.20556814567732382,1.3861028626561165
57,no_cloud,0,0.27734375,0.20556814567732382,1.386102732270956
57,no_cloud,1,0.27734375,0.20556814567732382,1.3861025907099247
57,no_cloud,2,0.27734375,0.20556814567732382,1.3861025627702475
57,no_cloud,3,0.27734375,0.20556814567732382,1.3861024491488934
57,no_cloud,4,0.27734375,0.20556814567732382,1.3861023113131523
57,no_cloud,5,0.27734375,0.20556814567732382,1.3861022517085075
57,no_cloud,6,0.27734375,0.20556814567732382,1.3861022125929594
57,no_cloud,7,0.27734375,0.20556814567732382,1.3861021976917982
57,no_cloud,8,0.27734375,0.20556814567732382,1.3861021604388952
57,no_cloud,9,0.27734375,0.20556814567732382,1.3861020766198635
57,no_cloud,10,0.27734375,0.20556814567732382,1.3861020039767027
57,no_cloud,11,0.27734375,0.20556814567732382,1.3861019164323807
57,no_cloud,12,0.27734375,0.20556814567732382,1.3861019182950258
57,no_cloud,13,0.27734375,0.20556814567732382,1.3861018307507038
57,no_cloud,14,0.27734375,0.20556814567732382,1.3861017860472202
57,no_cloud,15,0.27734375,0.20556814567732382,1.3861017115414143
57,no_cloud,16,0.27734375,0.20556814567732382,1.3861016500741243
57,no_cloud,17,0.27734375,0.20556814567732382,1.3861016370356083
57,no_cloud,18,0.27734375,0.20556814567732382,1.3861015867441893
57,no_cloud,19,0.27734375,0.20556814567732382,1.386101583018899
57,no_cloud,20,0.27734375,0.20556814567732382,1.3861014898866415
57,no_cloud,21,0.27734375,0.20556814567732382,1.3861014302819967
57,no_cloud,22,0.27734375,0.20556814567732382,1.3861012775450945
57,no_cloud,23,0.27734375,0.20556814567732382,1.3861012682318687
57,no_cloud,24,0.27734375,0.20556814567732382,1.3861012142151594
57,no_cloud,25,0.27734375,0.20556814567732382,1.3861012067645788
57,no_cloud,26,0.27734375,0.20556814567732382,1.386101121082902
57,no_cloud,27,0.27734375,0.20556814567732382,1.3861011117696762
57,no_cloud,28,0.27734375,0.20556814567732382,1.3861010540276766
57,no_cloud,29,0.27734375,0.20556814567732382,1.3861009683459997
57,no_cloud,30,0.27734375,0.20556814567732382,1.386100908741355
57,no_cloud,31,0.27734375,0.20556814567732382,1.3861008509993553
57,no_cloud,32,0.27734375,0.20556814567732382,1.3861008416861296
57,no_cloud,33,0.27734375,0.20556814567732382,1.386100796982646
57,no_cloud,34,0.27734375,0.20556814567732382,1.3861007783561945
57,no_cloud,35,0.27734375,0.20556814567732382,1.386100735515356
57,no_cloud,36,0.27734375,0.20556814567732382,1.3861007411032915
57,no_cloud,37,0.27734375,0.20556814567732382,1.3861007373780012
57,no_cloud,38,0.27734375,0.20556814567732382,1.3861007448285818
57,no_cloud,39,0.27734375,0.20556814567732382,1.3861007373780012
57,no_cloud,40,0.27734375,0.20556814567732382,1.3861006833612919
57,no_cloud,41,0.27734375,0.20556814567732382,1.3861006665974855
57,no_cloud,42,0.27734375,0.20556814567732382,1.3861006703227758
57,no_cloud,43,0.27734375,0.20556814567732382,1.386100672185421
57,no_cloud,44,0.27734375,0.20556814567732382,1.386100659146905
57,no_cloud,45,0.27734375,0.20556814567732382,1.3861006423830986
57,no_cloud,46,0.27734375,0.20556814567732382,1.3861006498336792
57,no_cloud,47,0.27734375,0.20556814567732382,1.3861006330698729
57,no_cloud,48,0.27734375,0.20556814567732382,1.386100621894002
57,no_cloud,49,0.27734375,0.20556814567732382,1.3861006293445826
57,client_syn,-1,0.27734375,0.20556814567732382,1.3861028645187616
57,client_syn,0,0.29296875,0.23554742492635536,1.3791547045111656
57,client_syn,1,0.353515625,0.32137243013202704,1.3722761552780867
57,client_syn,2,0.435546875,0.419755077488152,1.3645465020090342
57,client_syn,3,0.494140625,0.4679544308760203,1.3570356648415327
57,client_syn,4,0.51953125,0.4904804540029798,1.351390877738595
57,client_syn,5,0.525390625,0.4951062154638305,1.347521660849452
57,client_syn,6,0.541015625,0.5097491095626723,1.3414960633963346
57,client_syn,7,0.607421875,0.5949856935654253,1.3336029089987278
57,client_syn,8,0.623046875,0.6104815799692527,1.3292237538844347
57,client_syn,9,0.642578125,0.6297364372884834,1.3238388132303953
57,client_syn,10,0.658203125,0.6433861244569556,1.3182738572359085
57,client_syn,11,0.673828125,0.65944283930129,1.3130409996956587
57,client_syn,12,0.697265625,0.6838760159541688,1.3074366431683302
57,client_syn,13,0.697265625,0.6829823231525058,1.3024571519345045
57,client_syn,14,0.7109375,0.6947441438570664,1.2965731583535671
57,client_syn,15,0.716796875,0.7020657978097566,1.2915190886706114
57,client_syn,16,0.708984375,0.6906735450342008,1.2892936747521162
57,client_syn,17,0.734375,0.7212524967448831,1.2836222033947706
57,client_syn,18,0.728515625,0.712425189114801,1.2800897508859634
57,client_syn,19,0.734375,0.7170315394012757,1.2755563464015722
57,client_syn,20,0.734375,0.7159885400966477,1.2723285555839539
57,client_syn,21,0.748046875,0.7316603987710338,1.2669698614627123
57,client_syn,22,0.748046875,0.7331832323784373,1.2630115430802107
57,client_syn,23,0.75,0.7364291513973639,1.2595765367150307
57,client_syn,24,0.751953125,0.7399100073352486,1.2547912113368511
57,client_syn,25,0.76953125,0.7603346830953477,1.2500809915363789
57,client_syn,26,0.78515625,0.7788360858997389,1.2455033846199512
57,client_syn,27,0.7890625,0.7832823835762788,1.24143360927701
57,client_syn,28,0.7890625,0.7830066449828332,1.2373173851519823
57,client_syn,29,0.7890625,0.7835080923130933,1.2333712056279182
57,client_syn,30,0.7890625,0.7830671051601285,1.2301934771239758
57,client_syn,31,0.7890625,0.7826440562490484,1.227983195334673
57,client_syn,32,0.78125,0.7734163607311537,1.2244749292731285
57,client_syn,33,0.78125,0.7736294535997568,1.2215135116130114
57,client_syn,34,0.791015625,0.7849308872021454,1.2182739470154047
57,client_syn,35,0.7890625,0.7831234472247381,1.2155080884695053
57,client_syn,36,0.802734375,0.7986873943866176,1.2124232463538647
57,client_syn,37,0.802734375,0.7987616338133954,1.209559854120016
57,client_syn,38,0.80078125,0.7968569810306825,1.2070550732314587
57,client_syn,39,0.8046875,0.8011575314877888,1.2049429845064878
57,client_syn,40,0.806640625,0.8031611945873778,1.203067496418953
57,client_syn,41,0.810546875,0.8071616115189406,1.2012611124664545
57,client_syn,42,0.806640625,0.8029361015641439,1.1996528841555119
57,client_syn,43,0.80859375,0.8051132540875766,1.1982628665864468
57,client_syn,44,0.810546875,0.8069599424249779,1.1973110996186733
57,client_syn,45,0.80859375,0.8050524309963858,1.1963914819061756
57,client_syn,46,0.80859375,0.8050524309963858,1.1955384984612465
57,client_syn,47,0.810546875,0.8070988354271389,1.1949133332818747
57,client_syn,48,0.810546875,0.8070988354271389,1.1945699248462915
57,client_syn,49,0.810546875,0.8070988354271389,1.1943607237190008
57,public_syn,-1,0.27734375,0.20556814567732382,1.3861028645187616
57,public_syn,0,0.275390625,0.21817023095833993,1.3837324678897858
57,public_syn,1,0.27734375,0.2270114126731774,1.3821064680814743
57,public_syn,2,0.259765625,0.2313766194577726,1.379872364923358
57,public_syn,3,0.283203125,0.2640632617845735,1.3781689517199993
57,public_syn,4,0.296875,0.2853182481039262,1.3766706045717
57,public_syn,5,0.296875,0.285092527263696,1.3764901757240295
57,public_syn,6,0.306640625,0.29822736682678525,1.3753089644014835
57,public_syn,7,0.3046875,0.2969356653703961,1.3740961030125618
57,public_syn,8,0.3046875,0.29513690525532443,1.3735209852457047
57,public_syn,9,0.30859375,0.30083620129454136,1.3727878592908382
57,public_syn,10,0.330078125,0.33055293444528316,1.3714088089764118
57,public_syn,11,0.337890625,0.3395591957436698,1.370434533804655
57,public_syn,12,0.33203125,0.3315041181095936,1.3699422106146812
57,public_syn,13,0.33984375,0.33988835012396823,1.3694059681147337
57,public_syn,14,0.341796875,0.3420693659742551,1.3684678506106138
57,public_syn,15,0.345703125,0.3463830106756767,1.3677738830447197
57,public_syn,16,0.34375,0.3445604541818617,1.3680646922439337
57,public_syn,17,0.353515625,0.35481064939119433,1.367045734077692
57,public_syn,18,0.35546875,0.3566352121915527,1.3670567832887173
57,public_syn,19,0.34765625,0.3490564402913047,1.3666510675102472
57,public_syn,20,0.34765625,0.3490564402913047,1.3665670156478882
57,public_syn,21,0.349609375,0.351795883636818,1.3657506946474314
57,public_syn,22,0.357421875,0.3601689472522889,1.365378586575389
57,public_syn,23,0.361328125,0.3640817102409281,1.3652198873460293
57,public_syn,24,0.365234375,0.36747314480791576,1.364652719348669
57,public_syn,25,0.380859375,0.38615417431340354,1.3642335962504148
57,public_syn,26,0.3828125,0.38689618988915647,1.3637124374508858
57,public_syn,27,0.384765625,0.38920625705934214,1.3632415272295475
57,public_syn,28,0.388671875,0.3944266403217007,1.362778652459383
57,public_syn,29,0.400390625,0.40744177350600114,1.3621943686157465
57,public_syn,30,0.40625,0.41341014266546183,1.3619052320718765
57,public_syn,31,0.40625,0.41341014266546183,1.3618962801992893
57,public_syn,32,0.404296875,0.4111884594998634,1.3615611139684916
57,public_syn,33,0.404296875,0.41113762756758143,1.3613878432661295
57,public_syn,34,0.41015625,0.41733395803436446,1.3610485885292292
57,public_syn,35,0.408203125,0.41439384003322627,1.3608038648962975
57,public_syn,36,0.4140625,0.4210301225278227,1.3604412227869034
57,public_syn,37,0.421875,0.4293451789475398,1.3600662667304277
57,public_syn,38,0.423828125,0.43120522227979935,1.3597841318696737
57,public_syn,39,0.42578125,0.4326635138327525,1.359598470851779
57,public_syn,40,0.427734375,0.4345564168819983,1.3594311065971851
57,public_syn,41,0.427734375,0.43465897581719215,1.3592442981898785
57,public_syn,42,0.427734375,0.4345813749102155,1.3591303210705519
57,public_syn,43,0.42578125,0.43213203352088375,1.3590246960520744
57,public_syn,44,0.42578125,0.43213203352088375,1.359024764969945
57,public_syn,45,0.42578125,0.43213203352088375,1.3589608818292618
57,public_syn,46,0.42578125,0.43213203352088375,1.3589272107928991
57,public_syn,47,0.42578125,0.43213203352088375,1.3588747661560774
57,public_syn,48,0.42578125,0.43213203352088375,1.3588754013180733
57,public_syn,49,0.42578125,0.43213203352088375,1.3588624447584152
57,same_source_real_matched,-1,0.27734375,0.20556814567732382,1.3861028645187616
57,same_source_real_matched,0,0.3203125,0.29548246762071784,1.3742990773171186
57,same_source_real_matched,1,0.431640625,0.43308742593573274,1.362627699971199
57,same_source_real_matched,2,0.513671875,0.5130754416503093,1.3516918886452913
57,same_source_real_matched,3,0.5859375,0.5692676160703907,1.341115927323699
57,same_source_real_matched,4,0.607421875,0.5857899082840579,1.3323848228901625
57,same_source_real_matched,5,0.6328125,0.621088568058853,1.32514956779778
57,same_source_real_matched,6,0.662109375,0.6510006673985499,1.3167841006070375
57,same_source_real_matched,7,0.6953125,0.6760156983013718,1.306212391704321
57,same_source_real_matched,8,0.708984375,0.6973524901832466,1.2984562832862139
57,same_source_real_matched,9,0.7109375,0.7021157132830791,1.2907696217298508
57,same_source_real_matched,10,0.724609375,0.7156726585595355,1.2820650469511747
57,same_source_real_matched,11,0.724609375,0.7126768719940455,1.2734733410179615
57,same_source_real_matched,12,0.744140625,0.7359593588278642,1.2654896080493927
57,same_source_real_matched,13,0.744140625,0.735639586284638,1.256975743919611
57,same_source_real_matched,14,0.755859375,0.747006975594128,1.2487569972872734
57,same_source_real_matched,15,0.755859375,0.7453974648996937,1.2403740882873535
57,same_source_real_matched,16,0.767578125,0.7609072445652506,1.2350896261632442
57,same_source_real_matched,17,0.76171875,0.7523846050806346,1.226385310292244
57,same_source_real_matched,18,0.771484375,0.7638511038640726,1.2199314460158348
57,same_source_real_matched,19,0.775390625,0.7689223326220865,1.2120330110192299
57,same_source_real_matched,20,0.787109375,0.7815223119121181,1.2058152072131634
57,same_source_real_matched,21,0.78125,0.7740632484144129,1.1980723105370998
57,same_source_real_matched,22,0.78515625,0.7787097201746933,1.1908383332192898
57,same_source_real_matched,23,0.794921875,0.7893743144730245,1.183915015310049
57,same_source_real_matched,24,0.796875,0.7916927270801821,1.176114084199071
57,same_source_real_matched,25,0.79296875,0.7873227716903234,1.168449318036437
57,same_source_real_matched,26,0.791015625,0.7843313605035982,1.1607807744294405
57,same_source_real_matched,27,0.7890625,0.7822574592035254,1.1533795446157455
57,same_source_real_matched,28,0.787109375,0.778904362121932,1.1462631598114967
57,same_source_real_matched,29,0.787109375,0.7785412818488628,1.1394477542489767
57,same_source_real_matched,30,0.7890625,0.780597881484902,1.1333002168685198
57,same_source_real_matched,31,0.798828125,0.7926426268979362,1.1278954986482859
57,same_source_real_matched,32,0.798828125,0.7925628080759504,1.1217014230787754
57,same_source_real_matched,33,0.796875,0.7910162552657014,1.115955313667655
57,same_source_real_matched,34,0.80078125,0.7948250092651483,1.1101548466831446
57,same_source_real_matched,35,0.802734375,0.7965449525636387,1.104660328477621
57,same_source_real_matched,36,0.796875,0.7903154010824953,1.0990460822358727
57,same_source_real_matched,37,0.798828125,0.7920744264674285,1.0941205359995365
57,same_source_real_matched,38,0.802734375,0.7966750892709363,1.089643401093781
57,same_source_real_matched,39,0.806640625,0.8012351946398143,1.0855264039710164
57,same_source_real_matched,40,0.806640625,0.8012351946398143,1.0817378824576735
57,same_source_real_matched,41,0.80859375,0.8034332994580066,1.0781285362318158
57,same_source_real_matched,42,0.806640625,0.8015126051295606,1.0749659510329366
57,same_source_real_matched,43,0.810546875,0.8057562551182451,1.0721481516957283
57,same_source_real_matched,44,0.80859375,0.8038324786241956,1.0700716339051723
57,same_source_real_matched,45,0.80859375,0.8034332994580066,1.0681347893550992
57,same_source_real_matched,46,0.80859375,0.8034332994580066,1.0664499774575233
57,same_source_real_matched,47,0.8125,0.807677290763412,1.0651960242539644
57,same_source_real_matched,48,0.8125,0.807677290763412,1.0643799668177962
57,same_source_real_matched,49,0.8125,0.807677290763412,1.0639689965173602
57,real_matched,-1,0.27734375,0.20556814567732382,1.3861028645187616
57,real_matched,0,0.314453125,0.29743887342737857,1.3745347447693348
57,real_matched,1,0.423828125,0.4188478251032972,1.3640433810651302
57,real_matched,2,0.482421875,0.48604031749847076,1.355260768905282
57,real_matched,3,0.54296875,0.5379258025102642,1.346182094886899
57,real_matched,4,0.599609375,0.5894745952317518,1.3394365757703781
57,real_matched,5,0.62109375,0.6141405068840698,1.3302323464304209
57,real_matched,6,0.654296875,0.6469414827213922,1.3220594320446253
57,real_matched,7,0.67578125,0.6686438268898522,1.3143580313771963
57,real_matched,8,0.681640625,0.6709234729325457,1.3057765755802393
57,real_matched,9,0.689453125,0.6715833647759568,1.298139352351427
57,real_matched,10,0.701171875,0.6855420831277405,1.291120609268546
57,real_matched,11,0.705078125,0.6868779951638799,1.2835236098617315
57,real_matched,12,0.71875,0.7050671512083515,1.2769783474504948
57,real_matched,13,0.728515625,0.715539718359791,1.2706338223069906
57,real_matched,14,0.72265625,0.7129810724768684,1.2641825415194035
57,real_matched,15,0.736328125,0.7263288338657903,1.2573305293917656
57,real_matched,16,0.736328125,0.7264535204791462,1.2507778909057379
57,real_matched,17,0.7421875,0.7316801035026977,1.2441075891256332
57,real_matched,18,0.740234375,0.7310005095009543,1.2369496040046215
57,real_matched,19,0.740234375,0.729929106725917,1.229975588619709
57,real_matched,20,0.734375,0.7235768137434686,1.223271168768406
57,real_matched,21,0.7421875,0.7332001344996038,1.2164259515702724
57,real_matched,22,0.74609375,0.7390624810757455,1.210574358701706
57,real_matched,23,0.7421875,0.7330016144833189,1.2038244102150202
57,real_matched,24,0.748046875,0.7404934280486232,1.198618670925498
57,real_matched,25,0.74609375,0.7390624810757455,1.1922699101269245
57,real_matched,26,0.75390625,0.7473568434171296,1.1877272259443998
57,real_matched,27,0.755859375,0.7493273873843451,1.1817922536283731
57,real_matched,28,0.755859375,0.7496114534540301,1.1762202959507704
57,real_matched,29,0.763671875,0.7572795726527071,1.1706949807703495
57,real_matched,30,0.767578125,0.7597127872127872,1.1651039812713861
57,real_matched,31,0.767578125,0.7605989337176684,1.1600657105445862
57,real_matched,32,0.767578125,0.7611710838775587,1.1554285306483507
57,real_matched,33,0.76171875,0.7549455603144407,1.1503437124192715
57,real_matched,34,0.767578125,0.7606724682757976,1.1456801453605294
57,real_matched,35,0.767578125,0.7602383303961004,1.1411470640450716
57,real_matched,36,0.767578125,0.7606724682757976,1.1374468598514795
57,real_matched,37,0.76953125,0.762938985680368,1.1333508156239986
57,real_matched,38,0.76953125,0.7632646499013844,1.1297233812510967
57,real_matched,39,0.76953125,0.7632646499013844,1.126207822933793
57,real_matched,40,0.76953125,0.7632646499013844,1.1231519905850291
57,real_matched,41,0.76953125,0.7632646499013844,1.1202027816325426
57,real_matched,42,0.767578125,0.7613921758418195,1.1176798939704895
57,real_matched,43,0.767578125,0.7613921758418195,1.115447225049138
57,real_matched,44,0.76953125,0.7636315581925047,1.113561357371509
57,real_matched,45,0.76953125,0.7636315581925047,1.1119207898154855
57,real_matched,46,0.76953125,0.7636315581925047,1.1105679236352444
57,real_matched,47,0.76953125,0.7636315581925047,1.109618161804974
57,real_matched,48,0.76953125,0.7636315581925047,1.1090048654004931
57,real_matched,49,0.76953125,0.7636315581925047,1.1086715189740062
57,shuffled_label,-1,0.27734375,0.20556814567732382,1.3861028645187616
57,shuffled_label,0,0.27734375,0.20556814567732382,1.3860972579568624
57,shuffled_label,1,0.275390625,0.20642692779774524,1.3859456218779087
57,shuffled_label,2,0.271484375,0.20508470731256534,1.3858367390930653
57,shuffled_label,3,0.26953125,0.20734374240130204,1.3858950193971395
57,shuffled_label,4,0.26953125,0.20734374240130204,1.3858955521136522
57,shuffled_label,5,0.267578125,0.20671715888886322,1.3856493663042784
57,shuffled_label,6,0.275390625,0.22226049728232522,1.3855905774980783
57,shuffled_label,7,0.27734375,0.22350655417457038,1.3856053370982409
57,shuffled_label,8,0.26953125,0.22287682418018084,1.385722016915679
57,shuffled_label,9,0.265625,0.2198861034798535,1.385693658143282
57,shuffled_label,10,0.263671875,0.2165017139301384,1.3857105802744627
57,shuffled_label,11,0.2734375,0.22462438560629275,1.3856822662055492
57,shuffled_label,12,0.275390625,0.22514947271861074,1.385635806247592
57,shuffled_label,13,0.275390625,0.22078401040265447,1.3856799397617579
57,shuffled_label,14,0.275390625,0.21840956145303972,1.3857161980122328
57,shuffled_label,15,0.271484375,0.20802041598732743,1.3856496065855026
57,shuffled_label,16,0.265625,0.1978827978120239,1.3858162052929401
57,shuffled_label,17,0.2578125,0.18246874847998446,1.385933380573988
57,shuffled_label,18,0.2578125,0.17747931383874244,1.3860405385494232
57,shuffled_label,19,0.25390625,0.18192427941239453,1.3857741132378578
57,shuffled_label,20,0.25390625,0.181739975462622,1.3857615496963263
57,shuffled_label,21,0.255859375,0.1783771355171147,1.385897958651185
57,shuffled_label,22,0.255859375,0.1767102488479948,1.385941568762064
57,shuffled_label,23,0.244140625,0.15570352046346675,1.3861095793545246
57,shuffled_label,24,0.248046875,0.16567561261722524,1.385854221880436
57,shuffled_label,25,0.251953125,0.16757879479904347,1.3859099298715591
57,shuffled_label,26,0.248046875,0.1655674070287152,1.3858221117407084
57,shuffled_label,27,0.248046875,0.15316704980012247,1.3860448338091373
57,shuffled_label,28,0.24609375,0.14526345878651656,1.3862471655011177
57,shuffled_label,29,0.240234375,0.13565861058798911,1.386385640129447
57,shuffled_label,30,0.244140625,0.13185488760750014,1.3865533918142319
57,shuffled_label,31,0.24609375,0.12758266312544042,1.3868186883628368
57,shuffled_label,32,0.251953125,0.12983904206302965,1.3869429137557745
57,shuffled_label,33,0.251953125,0.12983904206302965,1.3869765251874924
57,shuffled_label,34,0.25,0.12021930237591341,1.387182030826807
57,shuffled_label,35,0.25390625,0.12156923676989997,1.3872845880687237
57,shuffled_label,36,0.251953125,0.1180083074819917,1.3873409647494555
57,shuffled_label,37,0.251953125,0.12096190150701429,1.3871973548084497
57,shuffled_label,38,0.251953125,0.12096190150701429,1.3871794808655977
57,shuffled_label,39,0.25,0.12021930237591341,1.3871541116386652
57,shuffled_label,40,0.251953125,0.12089327802087756,1.3872226737439632
57,shuffled_label,41,0.25390625,0.12163552503622631,1.3872771319001913
57,shuffled_label,42,0.251953125,0.12089327802087756,1.387217627838254
57,shuffled_label,43,0.25,0.12021930237591341,1.3871771059930325
57,shuffled_label,44,0.25,0.12021930237591341,1.3871903643012047
57,shuffled_label,45,0.251953125,0.12089327802087756,1.387234853580594
57,shuffled_label,46,0.251953125,0.12089327802087756,1.3872550837695599
57,shuffled_label,47,0.251953125,0.12089327802087756,1.3872442860156298
57,shuffled_label,48,0.25390625,0.12163552503622631,1.3872940130531788
57,shuffled_label,49,0.25390625,0.12163552503622631,1.387309331446886
58,no_cloud,-1,0.365234375,0.24650103821354413,1.3889098539948463
58,no_cloud,0,0.365234375,0.24650103821354413,1.3889098037034273
58,no_cloud,1,0.365234375,0.24650103821354413,1.3889097888022661
58,no_cloud,2,0.365234375,0.24650103821354413,1.38890977576375
58,no_cloud,3,0.365234375,0.24650103821354413,1.3889095839112997
58,no_cloud,4,0.365234375,0.24650103821354413,1.3889095298945904
58,no_cloud,5,0.365234375,0.24650103821354413,1.3889094647020102
58,no_cloud,6,0.365234375,0.24650103821354413,1.3889094665646553
58,no_cloud,7,0.365234375,0.24650103821354413,1.3889094050973654
58,no_cloud,8,0.365234375,0.24650103821354413,1.3889093976467848
58,no_cloud,9,0.365234375,0.24650103821354413,1.3889093808829784
58,no_cloud,10,0.365234375,0.24650103821354413,1.3889094442129135
58,no_cloud,11,0.365234375,0.24650103821354413,1.3889094274491072
58,no_cloud,12,0.365234375,0.24650103821354413,1.3889093361794949
58,no_cloud,13,0.365234375,0.24650103821354413,1.3889093417674303
58,no_cloud,14,0.365234375,0.24650103821354413,1.3889093175530434
58,no_cloud,15,0.365234375,0.24650103821354413,1.3889093697071075
58,no_cloud,16,0.365234375,0.24650103821354413,1.3889092430472374
58,no_cloud,17,0.365234375,0.24650103821354413,1.3889092076569796
58,no_cloud,18,0.365234375,0.24650103821354413,1.3889091722667217
58,no_cloud,19,0.365234375,0.24650103821354413,1.3889091275632381
58,no_cloud,20,0.365234375,0.24650103821354413,1.388909101486206
58,no_cloud,21,0.365234375,0.24650103821354413,1.3889090456068516
58,no_cloud,22,0.365234375,0.24650103821354413,1.3889090586453676
58,no_cloud,23,0.365234375,0.24650103821354413,1.3889090176671743
58,no_cloud,24,0.365234375,0.24650103821354413,1.3889090064913034
58,no_cloud,25,0.365234375,0.24650103821354413,1.3889089599251747
58,no_cloud,26,0.365234375,0.24650103821354413,1.3889088723808527
58,no_cloud,27,0.365234375,0.24650103821354413,1.38890883885324
58,no_cloud,28,0.365234375,0.24650103821354413,1.3889088314026594
58,no_cloud,29,0.365234375,0.24650103821354413,1.3889087308198214
58,no_cloud,30,0.365234375,0.24650103821354413,1.3889087159186602
58,no_cloud,31,0.365234375,0.24650103821354413,1.3889087066054344
58,no_cloud,32,0.365234375,0.24650103821354413,1.388908740133047
58,no_cloud,33,0.365234375,0.24650103821354413,1.3889087159186602
58,no_cloud,34,0.365234375,0.24650103821354413,1.388908714056015
58,no_cloud,35,0.365234375,0.24650103821354413,1.3889087177813053
58,no_cloud,36,0.365234375,0.24650103821354413,1.3889086563140154
58,no_cloud,37,0.365234375,0.24650103821354413,1.388908663764596
58,no_cloud,38,0.365234375,0.24650103821354413,1.3889086786657572
58,no_cloud,39,0.365234375,0.24650103821354413,1.3889086730778217
58,no_cloud,40,0.365234375,0.24650103821354413,1.388908637687564
58,no_cloud,41,0.365234375,0.24650103821354413,1.3889086358249187
58,no_cloud,42,0.365234375,0.24650103821354413,1.3889086470007896
58,no_cloud,43,0.365234375,0.24650103821354413,1.3889086488634348
58,no_cloud,44,0.365234375,0.24650103821354413,1.3889086339622736
58,no_cloud,45,0.365234375,0.24650103821354413,1.3889086116105318
58,no_cloud,46,0.365234375,0.24650103821354413,1.3889085948467255
58,no_cloud,47,0.365234375,0.24650103821354413,1.3889085985720158
58,no_cloud,48,0.365234375,0.24650103821354413,1.3889085855334997
58,no_cloud,49,0.365234375,0.24650103821354413,1.3889085948467255
58,client_syn,-1,0.365234375,0.24650103821354413,1.388909848406911
58,client_syn,0,0.365234375,0.24695839730935146,1.384017726406455
58,client_syn,1,0.369140625,0.2500179095923777,1.3808512892574072
58,client_syn,2,0.37109375,0.2511202628883578,1.3776622544974089
58,client_syn,3,0.373046875,0.25364981733074554,1.3740412089973688
58,client_syn,4,0.37890625,0.26476865186136994,1.3707684967666864
58,client_syn,5,0.3984375,0.2818283843477027,1.3664733618497849
58,client_syn,6,0.40234375,0.31872177869697355,1.3631963767111301
58,client_syn,7,0.44921875,0.39849905456289614,1.3596529308706522
58,client_syn,8,0.490234375,0.4446843209397011,1.3544599059969187
58,client_syn,9,0.51171875,0.4764408725534211,1.35025685839355
58,client_syn,10,0.5390625,0.5193602925055277,1.346632208675146
58,client_syn,11,0.56640625,0.5457845643758428,1.3415532335639
58,client_syn,12,0.568359375,0.5538547946475803,1.3384063374251127
58,client_syn,13,0.58203125,0.5682743203980215,1.3339656461030245
58,client_syn,14,0.59765625,0.5891602521140387,1.330392887815833
58,client_syn,15,0.615234375,0.6094265846978771,1.3269056230783463
58,client_syn,16,0.6328125,0.6281789265344783,1.3229303359985352
58,client_syn,17,0.64453125,0.6398725005094767,1.3191753942519426
58,client_syn,18,0.646484375,0.6402369221969083,1.3143980205059052
58,client_syn,19,0.6640625,0.6588160258427962,1.3101123813539743
58,client_syn,20,0.67578125,0.6689150865835459,1.3055146019905806
58,client_syn,21,0.68359375,0.6799113275497386,1.3030214291065931
58,client_syn,22,0.69140625,0.6892593587442092,1.2998683787882328
58,client_syn,23,0.69921875,0.6981268848978287,1.2966652512550354
58,client_syn,24,0.70703125,0.7030830321206543,1.2922331783920527
58,client_syn,25,0.7109375,0.707657268584167,1.2896130122244358
58,client_syn,26,0.7109375,0.7077042624350672,1.2860416918992996
58,client_syn,27,0.716796875,0.7142775795725483,1.2825622595846653
58,client_syn,28,0.72265625,0.7204666797848616,1.2799389753490686
58,client_syn,29,0.728515625,0.7263818383443662,1.277092806994915
58,client_syn,30,0.734375,0.7319559537542459,1.274237871170044
58,client_syn,31,0.740234375,0.738378650640584,1.271614471450448
58,client_syn,32,0.748046875,0.7461686292903424,1.2695798240602016
58,client_syn,33,0.74609375,0.7436559392083251,1.2666039001196623
58,client_syn,34,0.748046875,0.7462273098215665,1.264522647485137
58,client_syn,35,0.751953125,0.7502419597773966,1.2622901853173971
58,client_syn,36,0.75390625,0.7524011616678864,1.2601255904883146
58,client_syn,37,0.755859375,0.7540069024321375,1.2582522816956043
58,client_syn,38,0.755859375,0.7542609295140784,1.2562646381556988
58,client_syn,39,0.7578125,0.7564978781847206,1.2549608498811722
58,client_syn,40,0.759765625,0.7582401803959993,1.253196382895112
58,client_syn,41,0.76171875,0.7599623068638255,1.2515127807855606
58,client_syn,42,0.759765625,0.7580181528694968,1.2505021579563618
58,client_syn,43,0.759765625,0.7580181528694968,1.249436654150486
58,client_syn,44,0.76171875,0.7601384966426363,1.2487538363784552
58,client_syn,45,0.76171875,0.7603576761235701,1.2480442859232426
58,client_syn,46,0.76171875,0.7601384966426363,1.247289028018713
58,client_syn,47,0.76171875,0.7603576761235701,1.2467811349779367
58,client_syn,48,0.759765625,0.7581761446485855,1.2464292477816343
58,client_syn,49,0.759765625,0.7581761446485855,1.246288862079382
58,public_syn,-1,0.365234375,0.24650103821354413,1.388909848406911
58,public_syn,0,0.3671875,0.24832096147048427,1.387541489675641
58,public_syn,1,0.3671875,0.24832096147048427,1.3871810622513294
58,public_syn,2,0.369140625,0.24957034851558177,1.386495215818286
58,public_syn,3,0.37109375,0.2507167260843731,1.38579510897398
58,public_syn,4,0.37109375,0.25095598738245445,1.3851858619600534
58,public_syn,5,0.37109375,0.25095598738245445,1.3846070375293493
58,public_syn,6,0.37109375,0.250837495887297,1.3842623196542263
58,public_syn,7,0.37109375,0.2515973840487108,1.3838449772447348
58,public_syn,8,0.369140625,0.25049127050109593,1.3823523093014956
58,public_syn,9,0.369140625,0.25049127050109593,1.3821044377982616
58,public_syn,10,0.37109375,0.25186005181035,1.3823881596326828
58,public_syn,11,0.37109375,0.2515973840487108,1.3817075937986374
58,public_syn,12,0.37109375,0.2515973840487108,1.3819364067167044
58,public_syn,13,0.369140625,0.2502037305324158,1.3815287705510855
58,public_syn,14,0.37109375,0.2515973840487108,1.3817508704960346
58,public_syn,15,0.37109375,0.2515973840487108,1.3818783648312092
58,public_syn,16,0.37109375,0.2515973840487108,1.3817577473819256
58,public_syn,17,0.37109375,0.2515973840487108,1.3817066811025143
58,public_syn,18,0.3671875,0.24908008042183527,1.3814334776252508
58,public_syn,19,0.369140625,0.2504630014589271,1.3813065141439438
58,public_syn,20,0.365234375,0.2476868246099015,1.3805199172347784
58,public_syn,21,0.365234375,0.2476868246099015,1.3807574920356274
58,public_syn,22,0.365234375,0.2476868246099015,1.3810561001300812
58,public_syn,23,0.365234375,0.2476868246099015,1.3812130223959684
58,public_syn,24,0.365234375,0.2476868246099015,1.3806320950388908
58,public_syn,25,0.365234375,0.2476868246099015,1.3808630425482988
58,public_syn,26,0.365234375,0.2476868246099015,1.380717920139432
58,public_syn,27,0.365234375,0.2476868246099015,1.380858413875103
58,public_syn,28,0.365234375,0.2476868246099015,1.3810047004371881
58,public_syn,29,0.365234375,0.2476868246099015,1.380845619365573
58,public_syn,30,0.365234375,0.2476868246099015,1.3808284904807806
58,public_syn,31,0.365234375,0.2476868246099015,1.3808707613497972
58,public_syn,32,0.365234375,0.2476868246099015,1.3810641188174486
58,public_syn,33,0.365234375,0.2476868246099015,1.3808078337460756
58,public_syn,34,0.365234375,0.2476868246099015,1.3810261897742748
58,public_syn,35,0.365234375,0.2476868246099015,1.381038462743163
58,public_syn,36,0.365234375,0.2476868246099015,1.3810308407992125
58,public_syn,37,0.365234375,0.2476868246099015,1.381091933697462
58,public_syn,38,0.365234375,0.2476868246099015,1.3811337687075138
58,public_syn,39,0.3671875,0.24908008042183527,1.3812749609351158
58,public_syn,40,0.365234375,0.2476868246099015,1.381049007177353
58,public_syn,41,0.365234375,0.2476868246099015,1.3810029197484255
58,public_syn,42,0.365234375,0.2476868246099015,1.3810844756662846
58,public_syn,43,0.365234375,0.2476868246099015,1.3810614459216595
58,public_syn,44,0.365234375,0.2476868246099015,1.3811365868896246
58,public_syn,45,0.365234375,0.2476868246099015,1.3812406957149506
58,public_syn,46,0.365234375,0.2476868246099015,1.3812134712934494
58,public_syn,47,0.365234375,0.2476868246099015,1.381204267963767
58,public_syn,48,0.365234375,0.2476868246099015,1.3811824787408113
58,public_syn,49,0.365234375,0.2476868246099015,1.3811834901571274
58,same_source_real_matched,-1,0.365234375,0.24650103821354413,1.388909848406911
58,same_source_real_matched,0,0.375,0.2546109993293092,1.3808879721909761
58,same_source_real_matched,1,0.388671875,0.26331789841100056,1.3753154762089252
58,same_source_real_matched,2,0.388671875,0.27105552853229564,1.3693181946873665
58,same_source_real_matched,3,0.40234375,0.30461987925568357,1.3630049657076597
58,same_source_real_matched,4,0.45703125,0.4020622653767839,1.356826402246952
58,same_source_real_matched,5,0.5078125,0.471696523120811,1.3499765433371067
58,same_source_real_matched,6,0.544921875,0.5198469592590723,1.3445372972637415
58,same_source_real_matched,7,0.5625,0.5396348041953329,1.3381102662533522
58,same_source_real_matched,8,0.587890625,0.5618399447008718,1.3306512255221605
58,same_source_real_matched,9,0.6171875,0.590133598257905,1.3234430234879255
58,same_source_real_matched,10,0.6328125,0.612633689415734,1.3172016348689795
58,same_source_real_matched,11,0.640625,0.6181677396058972,1.3105777017772198
58,same_source_real_matched,12,0.66015625,0.6453735333163912,1.3051567543298006
58,same_source_real_matched,13,0.671875,0.6538635934785696,1.297799974679947
58,same_source_real_matched,14,0.685546875,0.6735313466070975,1.2918098121881485
58,same_source_real_matched,15,0.6953125,0.6863413844722256,1.2855537123978138
58,same_source_real_matched,16,0.701171875,0.6923793376295119,1.2795332875102758
58,same_source_real_matched,17,0.703125,0.6939798098049127,1.2733135465532541
58,same_source_real_matched,18,0.703125,0.6922005433528222,1.2667016983032227
58,same_source_real_matched,19,0.7109375,0.7014594400923331,1.2602145001292229
58,same_source_real_matched,20,0.712890625,0.7007935365560938,1.2529809605330229
58,same_source_real_matched,21,0.720703125,0.7114899296314494,1.2481254674494267
58,same_source_real_matched,22,0.7265625,0.7185607518729248,1.2427252009510994
58,same_source_real_matched,23,0.732421875,0.7251352151849404,1.2365846987813711
58,same_source_real_matched,24,0.73046875,0.7210186755257094,1.2303086444735527
58,same_source_real_matched,25,0.744140625,0.7362202971733787,1.2253358662128448
58,same_source_real_matched,26,0.751953125,0.7437711126633177,1.219089975580573
58,same_source_real_matched,27,0.748046875,0.7390373922747744,1.2131231687963009
58,same_source_real_matched,28,0.748046875,0.7404977095949318,1.2087364923208952
58,same_source_real_matched,29,0.74609375,0.7377088311713487,1.203928740695119
58,same_source_real_matched,30,0.748046875,0.739592909510435,1.198766727000475
58,same_source_real_matched,31,0.75390625,0.7451308681837415,1.1936775706708431
58,same_source_real_matched,32,0.751953125,0.7442525988423992,1.1896951105445623
58,same_source_real_matched,33,0.7578125,0.749151037911986,1.184717532247305
58,same_source_real_matched,34,0.76171875,0.7538198295449963,1.1806724350899458
58,same_source_real_matched,35,0.76953125,0.7618438021514813,1.1764466110616922
58,same_source_real_matched,36,0.771484375,0.7641514644333814,1.1724950708448887
58,same_source_real_matched,37,0.7734375,0.7664868475307152,1.1689888574182987
58,same_source_real_matched,38,0.771484375,0.7641936382044444,1.165559332817793
58,same_source_real_matched,39,0.7734375,0.7664868475307152,1.1627776715904474
58,same_source_real_matched,40,0.771484375,0.7641936382044444,1.1595914717763662
58,same_source_real_matched,41,0.771484375,0.7641936382044444,1.1567824482917786
58,same_source_real_matched,42,0.76953125,0.7622783440391898,1.1548547204583883
58,same_source_real_matched,43,0.7734375,0.7664868475307152,1.1526282094419003
58,same_source_real_matched,44,0.775390625,0.7687709513335907,1.1509402468800545
58,same_source_real_matched,45,0.775390625,0.7692455903282437,1.1494846679270267
58,same_source_real_matched,46,0.775390625,0.7692455903282437,1.1480886694043875
58,same_source_real_matched,47,0.775390625,0.7692455903282437,1.147063123062253
58,same_source_real_matched,48,0.775390625,0.7692455903282437,1.146383022889495
58,same_source_real_matched,49,0.775390625,0.7692455903282437,1.1460843570530415
58,real_matched,-1,0.365234375,0.24650103821354413,1.388909848406911
58,real_matched,0,0.369140625,0.24959115166121532,1.384319307282567
58,real_matched,1,0.384765625,0.2604364393076588,1.3794081583619118
58,real_matched,2,0.38671875,0.2622230965412097,1.3743803780525923
58,real_matched,3,0.40625,0.2841625819529155,1.370306285098195
58,real_matched,4,0.41796875,0.3107759859298024,1.3652699496597052
58,real_matched,5,0.421875,0.34733642717543334,1.3611011616885662
58,real_matched,6,0.458984375,0.41845354336066415,1.3553785532712936
58,real_matched,7,0.51953125,0.5003321253132761,1.3493792582303286
58,real_matched,8,0.5546875,0.5493482322702068,1.344260273501277
58,real_matched,9,0.580078125,0.5778902417610623,1.3404087256640196
58,real_matched,10,0.615234375,0.6116486468713922,1.3325541485100985
58,real_matched,11,0.63671875,0.634539660007066,1.3269390892237425
58,real_matched,12,0.6484375,0.6450813847148683,1.3209450896829367
58,real_matched,13,0.66796875,0.6668492907834858,1.3159473724663258
58,real_matched,14,0.669921875,0.6673958756183932,1.312288461253047
58,real_matched,15,0.6875,0.6860258456834799,1.3064816128462553
58,real_matched,16,0.685546875,0.6814109504757615,1.300614783540368
58,real_matched,17,0.705078125,0.7022738217902519,1.2950582671910524
58,real_matched,18,0.71484375,0.7113824076945501,1.2888084016740322
58,real_matched,19,0.71875,0.7150422695901788,1.283852083608508
58,real_matched,20,0.7265625,0.7229764183864551,1.2775618005543947
58,real_matched,21,0.736328125,0.7325126717449705,1.2721927370876074
58,real_matched,22,0.744140625,0.7424058232551921,1.2672944217920303
58,real_matched,23,0.74609375,0.7440814755313463,1.2616108246147633
58,real_matched,24,0.74609375,0.7441655355680405,1.256017753854394
58,real_matched,25,0.759765625,0.7588246430269713,1.2505251187831163
58,real_matched,26,0.76171875,0.7606107465559149,1.2454038579016924
58,real_matched,27,0.771484375,0.7698735279590297,1.2405182011425495
58,real_matched,28,0.765625,0.7638650901425467,1.237006802111864
58,real_matched,29,0.77734375,0.7754570665015708,1.2318882681429386
58,real_matched,30,0.775390625,0.7733998103384632,1.2271704226732254
58,real_matched,31,0.77734375,0.7754570665015708,1.2228769678622484
58,real_matched,32,0.77734375,0.7754570665015708,1.2189119476824999
58,real_matched,33,0.783203125,0.781448516842679,1.2152233943343163
58,real_matched,34,0.783203125,0.781448516842679,1.2115586251020432
58,real_matched,35,0.783203125,0.7814228908186434,1.2081281933933496
58,real_matched,36,0.78125,0.7793125782903421,1.2054430935531855
58,real_matched,37,0.78515625,0.7833569442396857,1.2016728855669498
58,real_matched,38,0.7890625,0.7873126930423737,1.1992015857249498
58,real_matched,39,0.787109375,0.7849105551311434,1.196534028276801
58,real_matched,40,0.787109375,0.7848593036827329,1.1940267253667116
58,real_matched,41,0.7890625,0.7870788076861164,1.1917716972529888
58,real_matched,42,0.7890625,0.7871240672210813,1.189652243629098
58,real_matched,43,0.79296875,0.7915769340409418,1.1876721810549498
58,real_matched,44,0.791015625,0.7895996126687292,1.1859196163713932
58,real_matched,45,0.794921875,0.7931581959751506,1.184510800987482
58,real_matched,46,0.798828125,0.7971758581790959,1.183309393003583
58,real_matched,47,0.798828125,0.7971758581790959,1.182462364435196
58,real_matched,48,0.796875,0.7953375366447186,1.1818494405597448
58,real_matched,49,0.798828125,0.7971758581790959,1.181598475202918
58,shuffled_label,-1,0.365234375,0.24650103821354413,1.388909848406911
58,shuffled_label,0,0.365234375,0.24608259779884492,1.390673704445362
58,shuffled_label,1,0.361328125,0.2439055873132952,1.393030185252428
58,shuffled_label,2,0.361328125,0.24346173358724182,1.3940387088805437
58,shuffled_label,3,0.359375,0.241869918699187,1.3942635729908943
58,shuffled_label,4,0.357421875,0.2409274193548387,1.3957722131162882
58,shuffled_label,5,0.357421875,0.2409274193548387,1.3957906812429428
58,shuffled_label,6,0.361328125,0.24346173358724182,1.3967104014009237
58,shuffled_label,7,0.361328125,0.24310160427807487,1.3970827851444483
58,shuffled_label,8,0.361328125,0.24346173358724182,1.396934101358056
58,shuffled_label,9,0.359375,0.2422258111877844,1.396682433784008
58,shuffled_label,10,0.359375,0.2422258111877844,1.3963256124407053
58,shuffled_label,11,0.359375,0.2422258111877844,1.3965669386088848
58,shuffled_label,12,0.359375,0.24180327868852458,1.3958785571157932
58,shuffled_label,13,0.361328125,0.24346173358724182,1.3968538884073496
58,shuffled_label,14,0.359375,0.2422258111877844,1.3965588305145502
58,shuffled_label,15,0.359375,0.2422258111877844,1.3962421379983425
58,shuffled_label,16,0.359375,0.2422258111877844,1.3965260777622461
58,shuffled_label,17,0.359375,0.2422258111877844,1.3967786636203527
58,shuffled_label,18,0.36328125,0.24469777306468715,1.397146936506033
58,shuffled_label,19,0.361328125,0.24346173358724182,1.3970801625400782
58,shuffled_label,20,0.359375,0.2422258111877844,1.3967919573187828
58,shuffled_label,21,0.359375,0.2422258111877844,1.3969199564307928
58,shuffled_label,22,0.361328125,0.24354534354534355,1.3978172168135643
58,shuffled_label,23,0.361328125,0.24354534354534355,1.397398915141821
58,shuffled_label,24,0.361328125,0.24354534354534355,1.3977167718112469
58,shuffled_label,25,0.361328125,0.24332131564171522,1.3982485942542553
58,shuffled_label,26,0.361328125,0.24354534354534355,1.3982695117592812
58,shuffled_label,27,0.361328125,0.24354534354534355,1.3980732783675194
58,shuffled_label,28,0.361328125,0.24354534354534355,1.3978724367916584
58,shuffled_label,29,0.361328125,0.24332131564171522,1.397651568055153
58,shuffled_label,30,0.361328125,0.24332131564171522,1.397671414539218
58,shuffled_label,31,0.361328125,0.24354534354534355,1.398007059469819
58,shuffled_label,32,0.359375,0.2421614558197896,1.398565361276269
58,shuffled_label,33,0.359375,0.2421614558197896,1.3986344411969185
58,shuffled_label,34,0.359375,0.2421614558197896,1.39850034378469
58,shuffled_label,35,0.359375,0.2421614558197896,1.3986056689172983
58,shuffled_label,36,0.359375,0.2421614558197896,1.3984121587127447
58,shuffled_label,37,0.361328125,0.24354534354534355,1.3981344494968653
58,shuffled_label,38,0.361328125,0.2437737191650854,1.3982952050864697
58,shuffled_label,39,0.361328125,0.2437737191650854,1.3983912002295256
58,shuffled_label,40,0.359375,0.2421614558197896,1.398506298661232
58,shuffled_label,41,0.359375,0.2421614558197896,1.3985021952539682
58,shuffled_label,42,0.359375,0.2421614558197896,1.398489685729146
58,shuffled_label,43,0.359375,0.2421614558197896,1.3984420448541641
58,shuffled_label,44,0.361328125,0.2437737191650854,1.3983711004257202
58,shuffled_label,45,0.359375,0.2421614558197896,1.3984426278620958
58,shuffled_label,46,0.359375,0.2421614558197896,1.3984242677688599
58,shuffled_label,47,0.359375,0.2421614558197896,1.398520478978753
58,shuffled_label,48,0.359375,0.2421614558197896,1.3985016737133265
58,shuffled_label,49,0.359375,0.2421614558197896,1.3984984681010246
59,no_cloud,-1,0.21875,0.173065019349889,1.3981540612876415
59,no_cloud,0,0.21875,0.173065019349889,1.398153979331255
59,no_cloud,1,0.21875,0.173065019349889,1.3981538489460945
59,no_cloud,2,0.21875,0.173065019349889,1.3981537334620953
59,no_cloud,3,0.21875,0.173065019349889,1.3981536738574505
59,no_cloud,4,0.21875,0.173065019349889,1.3981536217033863
59,no_cloud,5,0.21875,0.173065019349889,1.3981535825878382
59,no_cloud,6,0.21875,0.173065019349889,1.3981535099446774
59,no_cloud,7,0.21875,0.173065019349889,1.3981534149497747
59,no_cloud,8,0.21875,0.173065019349889,1.3981534354388714
59,no_cloud,9,0.21875,0.173065019349889,1.398153344169259
59,no_cloud,10,0.21875,0.173065019349889,1.398153342306614
59,no_cloud,11,0.21875,0.173065019349889,1.3981532417237759
59,no_cloud,12,0.21875,0.173065019349889,1.3981531877070665
59,no_cloud,13,0.21875,0.173065019349889,1.398153118789196
59,no_cloud,14,0.21875,0.173065019349889,1.3981530983000994
59,no_cloud,15,0.21875,0.173065019349889,1.3981530256569386
59,no_cloud,16,0.21875,0.173065019349889,1.3981530331075191
59,no_cloud,17,0.21875,0.173065019349889,1.3981530144810677
59,no_cloud,18,0.21875,0.173065019349889,1.3981529474258423
59,no_cloud,19,0.21875,0.173065019349889,1.398152893409133
59,no_cloud,20,0.21875,0.173065019349889,1.3981528580188751
59,no_cloud,21,0.21875,0.173065019349889,1.3981528151780367
59,no_cloud,22,0.21875,0.173065019349889,1.3981528040021658
59,no_cloud,23,0.21875,0.173065019349889,1.3981527779251337
59,no_cloud,24,0.21875,0.173065019349889,1.3981527537107468
59,no_cloud,25,0.21875,0.173065019349889,1.3981527872383595
59,no_cloud,26,0.21875,0.173065019349889,1.3981526978313923
59,no_cloud,27,0.21875,0.173065019349889,1.3981526624411345
59,no_cloud,28,0.21875,0.173065019349889,1.3981526531279087
59,no_cloud,29,0.21875,0.173065019349889,1.3981526922434568
59,no_cloud,30,0.21875,0.173065019349889,1.3981526736170053
59,no_cloud,31,0.21875,0.173065019349889,1.398152681067586
59,no_cloud,32,0.21875,0.173065019349889,1.398152656853199
59,no_cloud,33,0.21875,0.173065019349889,1.3981526475399733
59,no_cloud,34,0.21875,0.173065019349889,1.3981526549905539
59,no_cloud,35,0.21875,0.173065019349889,1.398152632638812
59,no_cloud,36,0.21875,0.173065019349889,1.398152593523264
59,no_cloud,37,0.21875,0.173065019349889,1.398152569308877
59,no_cloud,38,0.21875,0.173065019349889,1.3981525767594576
59,no_cloud,39,0.21875,0.173065019349889,1.3981525786221027
59,no_cloud,40,0.21875,0.173065019349889,1.3981525395065546
59,no_cloud,41,0.21875,0.173065019349889,1.3981525506824255
59,no_cloud,42,0.21875,0.173065019349889,1.3981525413691998
59,no_cloud,43,0.21875,0.173065019349889,1.398152532055974
59,no_cloud,44,0.21875,0.173065019349889,1.3981525376439095
59,no_cloud,45,0.21875,0.173065019349889,1.3981525041162968
59,no_cloud,46,0.21875,0.173065019349889,1.3981525208801031
59,no_cloud,47,0.21875,0.173065019349889,1.3981525227427483
59,no_cloud,48,0.21875,0.173065019349889,1.3981525227427483
59,no_cloud,49,0.21875,0.173065019349889,1.398152507841587
59,client_syn,-1,0.21875,0.173065019349889,1.3981540463864803
59,client_syn,0,0.2265625,0.17186372835713923,1.3921338319778442
59,client_syn,1,0.263671875,0.20170547040112258,1.386433456093073
59,client_syn,2,0.3046875,0.24826197436398686,1.3791366964578629
59,client_syn,3,0.34375,0.30612121901408074,1.3721249494701624
59,client_syn,4,0.40234375,0.37191809240149704,1.3657422382384539
59,client_syn,5,0.447265625,0.4058993318884932,1.3602637443691492
59,client_syn,6,0.439453125,0.40232231455928696,1.3547842856496572
59,client_syn,7,0.462890625,0.42407172599404724,1.349353451281786
59,client_syn,8,0.484375,0.44778792249942634,1.3430432863533497
59,client_syn,9,0.517578125,0.48766899926168494,1.3370512630790472
59,client_syn,10,0.51953125,0.49136134799628634,1.3313852474093437
59,client_syn,11,0.556640625,0.5315390753370155,1.3258562237024307
59,client_syn,12,0.5625,0.5373441805768592,1.3204510286450386
59,client_syn,13,0.59375,0.5748377933404626,1.3149812370538712
59,client_syn,14,0.609375,0.5936074651882806,1.3095591478049755
59,client_syn,15,0.623046875,0.6089572574685482,1.3044226169586182
59,client_syn,16,0.65234375,0.6418541987404263,1.2998821437358856
59,client_syn,17,0.671875,0.6630938003220612,1.2944720685482025
59,client_syn,18,0.662109375,0.6510403051884821,1.289474543184042
59,client_syn,19,0.685546875,0.6718598472750501,1.283792668953538
59,client_syn,20,0.6875,0.6758806715722534,1.2796038053929806
59,client_syn,21,0.671875,0.6569594784484893,1.275179710239172
59,client_syn,22,0.669921875,0.6538378681294996,1.2703215815126896
59,client_syn,23,0.673828125,0.6591983171656092,1.2659910172224045
59,client_syn,24,0.669921875,0.6553082625835723,1.2620929405093193
59,client_syn,25,0.68359375,0.670908952737392,1.2579228822141886
59,client_syn,26,0.693359375,0.6810609355622905,1.2536143455654383
59,client_syn,27,0.689453125,0.6772432667588699,1.2502572126686573
59,client_syn,28,0.69140625,0.6786086100954286,1.2458556070923805
59,client_syn,29,0.701171875,0.6881634741759022,1.241662722080946
59,client_syn,30,0.69921875,0.6863283762613319,1.2382855862379074
59,client_syn,31,0.703125,0.6906673658115889,1.2351732794195414
59,client_syn,32,0.69921875,0.6858128024924255,1.2314810007810593
59,client_syn,33,0.693359375,0.6771099993756244,1.2280111145228148
59,client_syn,34,0.697265625,0.6803890929232266,1.2245578579604626
59,client_syn,35,0.703125,0.6852066300576433,1.221466826274991
59,client_syn,36,0.701171875,0.6825073928660687,1.2187174819409847
59,client_syn,37,0.70703125,0.6879225680771451,1.2162530925124884
59,client_syn,38,0.708984375,0.6906300039922455,1.2139427699148655
59,client_syn,39,0.705078125,0.6869347256416226,1.2119836807250977
59,client_syn,40,0.70703125,0.688768115942029,1.210276786237955
59,client_syn,41,0.708984375,0.6905710447564084,1.2084253914654255
59,client_syn,42,0.7109375,0.6931965619346436,1.2066445425152779
59,client_syn,43,0.7109375,0.6933150472494896,1.2051023356616497
59,client_syn,44,0.71484375,0.6970074605343368,1.2038036454468966
59,client_syn,45,0.71484375,0.6970198676530892,1.202889682725072
59,client_syn,46,0.71484375,0.697005247005247,1.2020583599805832
59,client_syn,47,0.71484375,0.697005247005247,1.2016231827437878
59,client_syn,48,0.71484375,0.697005247005247,1.201240198686719
59,client_syn,49,0.71484375,0.697005247005247,1.2010271698236465
59,public_syn,-1,0.21875,0.173065019349889,1.3981540463864803
59,public_syn,0,0.205078125,0.15943842098380068,1.395769553259015
59,public_syn,1,0.21484375,0.17470544480113798,1.3935142047703266
59,public_syn,2,0.220703125,0.18729590282799072,1.390355320647359
59,public_syn,3,0.203125,0.19907364651607753,1.3875612020492554
59,public_syn,4,0.212890625,0.21575068988110357,1.3852394167333841
59,public_syn,5,0.2265625,0.22412399720619253,1.3834379352629185
59,public_syn,6,0.234375,0.23025157317821066,1.3815193269401789
59,public_syn,7,0.259765625,0.25103460549878454,1.3798167947679758
59,public_syn,8,0.26953125,0.25410180588704434,1.3776019420474768
59,public_syn,9,0.28125,0.2683245753888202,1.3756659757345915
59,public_syn,10,0.29296875,0.2706095453679239,1.3738907612860203
59,public_syn,11,0.296875,0.2745895078026516,1.3722497504204512
59,public_syn,12,0.30859375,0.2784649232329194,1.370939802378416
59,public_syn,13,0.314453125,0.2864942528735632,1.3690405040979385
59,public_syn,14,0.318359375,0.2853643420605855,1.3673512730747461
59,public_syn,15,0.3359375,0.29937789711212087,1.3655325416475534
59,public_syn,16,0.341796875,0.3173285858070565,1.3643802013248205
59,public_syn,17,0.349609375,0.32603562737132574,1.3629781436175108
59,public_syn,18,0.361328125,0.33229822186073327,1.3615927658975124
59,public_syn,19,0.34375,0.32242932398675417,1.3597454577684402
59,public_syn,20,0.35546875,0.33293518582582454,1.3590831104665995
59,public_syn,21,0.353515625,0.3256139409737223,1.3580861184746027
59,public_syn,22,0.345703125,0.3107601721403174,1.3566434178501368
59,public_syn,23,0.345703125,0.31273768127358526,1.355624247342348
59,public_syn,24,0.35546875,0.32157871823986045,1.3548515569418669
59,public_syn,25,0.353515625,0.32375939340807564,1.3538521323353052
59,public_syn,26,0.36328125,0.3325273182073158,1.3528298065066338
59,public_syn,27,0.369140625,0.3357660486221417,1.3522689007222652
59,public_syn,28,0.36328125,0.33039097752400504,1.351079486310482
59,public_syn,29,0.359375,0.3303733873526632,1.3502449169754982
59,public_syn,30,0.37109375,0.33897865690301304,1.3494111895561218
59,public_syn,31,0.375,0.34232554928459247,1.3490139599889517
59,public_syn,32,0.365234375,0.3287505004793766,1.3482404071837664
59,public_syn,33,0.365234375,0.3272118603777855,1.347520899027586
59,public_syn,34,0.373046875,0.3316762435762812,1.3467157240957022
59,public_syn,35,0.37890625,0.3418854065823121,1.3459938541054726
59,public_syn,36,0.373046875,0.3331475388498772,1.3454473745077848
59,public_syn,37,0.369140625,0.33042025175211376,1.344860216602683
59,public_syn,38,0.37109375,0.33234799053882663,1.3444923479110003
59,public_syn,39,0.373046875,0.3340092959178466,1.344148900359869
59,public_syn,40,0.373046875,0.3342081215279308,1.3439223635941744
59,public_syn,41,0.376953125,0.3364255424869181,1.343572499230504
59,public_syn,42,0.375,0.33511809739239007,1.343226969242096
59,public_syn,43,0.37890625,0.3392525998550801,1.3429068811237812
59,public_syn,44,0.376953125,0.3365955512702746,1.3426720146089792
59,public_syn,45,0.376953125,0.3365955512702746,1.342543426901102
59,public_syn,46,0.37890625,0.3404273481790688,1.3423860594630241
59,public_syn,47,0.37890625,0.3404273481790688,1.3423785138875246
59,public_syn,48,0.380859375,0.34216065505804316,1.3423205576837063
59,public_syn,49,0.380859375,0.34216065505804316,1.3422874473035336
59,same_source_real_matched,-1,0.21875,0.173065019349889,1.3981540463864803
59,same_source_real_matched,0,0.216796875,0.17494157071275904,1.3890485316514969
59,same_source_real_matched,1,0.271484375,0.2292992355744077,1.3805804327130318
59,same_source_real_matched,2,0.328125,0.2866026879646124,1.3704667165875435
59,same_source_real_matched,3,0.3984375,0.38894715898634613,1.3609858453273773
59,same_source_real_matched,4,0.484375,0.4795564479509916,1.3531786538660526
59,same_source_real_matched,5,0.52734375,0.5156224685613192,1.3459585532546043
59,same_source_real_matched,6,0.556640625,0.5448832867542679,1.3382913917303085
59,same_source_real_matched,7,0.576171875,0.5659339941846347,1.3308358043432236
59,same_source_real_matched,8,0.626953125,0.6191536296358099,1.3229551054537296
59,same_source_real_matched,9,0.662109375,0.6582560105943344,1.3150108866393566
59,same_source_real_matched,10,0.689453125,0.6814434231393419,1.3071593157947063
59,same_source_real_matched,11,0.716796875,0.7117066100831517,1.2998476531356573
59,same_source_real_matched,12,0.728515625,0.7214034867418971,1.2929729577153921
59,same_source_real_matched,13,0.744140625,0.7372773990363309,1.2859850134700537
59,same_source_real_matched,14,0.73828125,0.729185713519434,1.2790308520197868
59,same_source_real_matched,15,0.755859375,0.7497176089222254,1.2716366965323687
59,same_source_real_matched,16,0.775390625,0.7713116444005491,1.2660907916724682
59,same_source_real_matched,17,0.76953125,0.7652129788450542,1.2591182980686426
59,same_source_real_matched,18,0.76171875,0.7581252264056286,1.2522625047713518
59,same_source_real_matched,19,0.751953125,0.7455027059479264,1.2447600420564413
59,same_source_real_matched,20,0.76171875,0.7565437244747588,1.2393633350729942
59,same_source_real_matched,21,0.763671875,0.7565182880772234,1.2334151100367308
59,same_source_real_matched,22,0.748046875,0.7364990338683066,1.2265944201499224
59,same_source_real_matched,23,0.7578125,0.7485694147474532,1.2209253329783678
59,same_source_real_matched,24,0.771484375,0.7654975868540007,1.2157630808651447
59,same_source_real_matched,25,0.77734375,0.7720403603347993,1.2101355753839016
59,same_source_real_matched,26,0.775390625,0.7705981638121728,1.2042522951960564
59,same_source_real_matched,27,0.791015625,0.7865611361446273,1.199770798906684
59,same_source_real_matched,28,0.787109375,0.7821956654593153,1.193970963358879
59,same_source_real_matched,29,0.787109375,0.7830793082591638,1.188820419833064
59,same_source_real_matched,30,0.7890625,0.7845900660540425,1.1836289409548044
59,same_source_real_matched,31,0.794921875,0.7912795334116534,1.1790811419487
59,same_source_real_matched,32,0.7890625,0.7838624524507596,1.1740041878074408
59,same_source_real_matched,33,0.791015625,0.7858958896932844,1.1692865900695324
59,same_source_real_matched,34,0.783203125,0.776844527959114,1.1645744275301695
59,same_source_real_matched,35,0.787109375,0.7807704924052321,1.1603292282670736
59,same_source_real_matched,36,0.787109375,0.7805669918805216,1.1563309412449598
59,same_source_real_matched,37,0.787109375,0.7814132931670819,1.1527956705540419
59,same_source_real_matched,38,0.79296875,0.7876115840387218,1.1495468216016889
59,same_source_real_matched,39,0.79296875,0.7880471991407569,1.1465120799839497
59,same_source_real_matched,40,0.794921875,0.7904347908586195,1.1439366936683655
59,same_source_real_matched,41,0.796875,0.7922303066558037,1.1413040962070227
59,same_source_real_matched,42,0.794921875,0.7904347908586195,1.1388818882405758
59,same_source_real_matched,43,0.796875,0.7925018892760829,1.136724954470992
59,same_source_real_matched,44,0.796875,0.7920994492531399,1.1348679680377245
59,same_source_real_matched,45,0.798828125,0.7942978317978318,1.1334939925000072
59,same_source_real_matched,46,0.798828125,0.7942060744068044,1.132278598845005
59,same_source_real_matched,47,0.798828125,0.7942060744068044,1.131574921309948
59,same_source_real_matched,48,0.798828125,0.7942060744068044,1.1309693343937397
59,same_source_real_matched,49,0.796875,0.7924101318850554,1.130668574012816
59,real_matched,-1,0.21875,0.173065019349889,1.3981540463864803
59,real_matched,0,0.232421875,0.18409442968693615,1.3906606864184141
59,real_matched,1,0.255859375,0.23412238347452385,1.3831735160201788
59,real_matched,2,0.291015625,0.2685930216062315,1.3775671273469925
59,real_matched,3,0.31640625,0.2934446544283209,1.3708735946565866
59,real_matched,4,0.37109375,0.3295008436549345,1.3646935988217592
59,real_matched,5,0.4609375,0.4328378084554823,1.3570296298712492
59,real_matched,6,0.48828125,0.4488688228308921,1.3516889605671167
59,real_matched,7,0.556640625,0.5389680987073728,1.343519588932395
59,real_matched,8,0.615234375,0.6091663827128944,1.3355296738445759
59,real_matched,9,0.642578125,0.6349009486830421,1.329213984310627
59,real_matched,10,0.654296875,0.6445680985601923,1.3244470059871674
59,real_matched,11,0.677734375,0.6630954232142439,1.3195457365363836
59,real_matched,12,0.708984375,0.7026206516730381,1.312708443030715
59,real_matched,13,0.716796875,0.710732394179237,1.3079022206366062
59,real_matched,14,0.716796875,0.7054385294609419,1.3039471935480833
59,real_matched,15,0.74609375,0.7385031792314898,1.2973339203745127
59,real_matched,16,0.73828125,0.7334195469297508,1.2914977092295885
59,real_matched,17,0.74609375,0.7406694486043672,1.2866606935858727
59,real_matched,18,0.75390625,0.748456190446228,1.281690476462245
59,real_matched,19,0.748046875,0.7376927910414763,1.2771691884845495
59,real_matched,20,0.767578125,0.7620422837840539,1.2717863321304321
59,real_matched,21,0.765625,0.7595808487574551,1.2663797847926617
59,real_matched,22,0.767578125,0.762859175186012,1.2610515765845776
59,real_matched,23,0.767578125,0.7634818692442826,1.255511561408639
59,real_matched,24,0.767578125,0.7619466645865436,1.2523356452584267
59,real_matched,25,0.76953125,0.7620434693992559,1.2485310081392527
59,real_matched,26,0.767578125,0.759720810183053,1.2439421843737364
59,real_matched,27,0.771484375,0.764936409605378,1.2395405769348145
59,real_matched,28,0.7734375,0.7678005565976735,1.2351984325796366
59,real_matched,29,0.771484375,0.7652267092856446,1.2309771813452244
59,real_matched,30,0.775390625,0.7697366178423158,1.2268083970993757
59,real_matched,31,0.77734375,0.7720519424453373,1.2222169674932957
59,real_matched,32,0.77734375,0.773398456439379,1.2177523355931044
59,real_matched,33,0.783203125,0.7799548177440333,1.214287118986249
59,real_matched,34,0.787109375,0.7838091843861495,1.2104795034974813
59,real_matched,35,0.787109375,0.7838091843861495,1.206993617117405
59,real_matched,36,0.78515625,0.7816247549748682,1.2037295158952475
59,real_matched,37,0.787109375,0.7834885080487389,1.2008105777204037
59,real_matched,38,0.79296875,0.7897447838985825,1.197951404377818
59,real_matched,39,0.791015625,0.7875978307171245,1.195416560396552
59,real_matched,40,0.79296875,0.7899112076754934,1.1930064670741558
59,real_matched,41,0.794921875,0.7916741262090661,1.1907406859099865
59,real_matched,42,0.794921875,0.7917788770087474,1.1887350287288427
59,real_matched,43,0.79296875,0.7899112076754934,1.1873091794550419
59,real_matched,44,0.794921875,0.7917788770087474,1.185621103271842
59,real_matched,45,0.796875,0.7937733447255241,1.1844490393996239
59,real_matched,46,0.796875,0.7937733447255241,1.18361409381032
59,real_matched,47,0.796875,0.7937733447255241,1.1828842591494322
59,real_matched,48,0.796875,0.7937733447255241,1.182372398674488
59,real_matched,49,0.796875,0.7937733447255241,1.1821160856634378
59,shuffled_label,-1,0.21875,0.173065019349889,1.3981540463864803
59,shuffled_label,0,0.20703125,0.15370935865209823,1.398513089865446
59,shuffled_label,1,0.2109375,0.16188982273849398,1.3983613904565573
59,shuffled_label,2,0.208984375,0.158348752709456,1.3984707612544298
59,shuffled_label,3,0.205078125,0.14298284860260302,1.3992088325321674
59,shuffled_label,4,0.203125,0.14756851874717486,1.3989189583808184
59,shuffled_label,5,0.20703125,0.1451356807819639,1.3991874251514673
59,shuffled_label,6,0.205078125,0.14148439287412995,1.3993036095052958
59,shuffled_label,7,0.20703125,0.12942105074738663,1.3999826051294804
59,shuffled_label,8,0.208984375,0.12727456570517098,1.400974066928029
59,shuffled_label,9,0.205078125,0.12262008360918562,1.4012215565890074
59,shuffled_label,10,0.205078125,0.12265377833006157,1.4011868685483932
59,shuffled_label,11,0.208984375,0.1274907492788575,1.4009594395756721
59,shuffled_label,12,0.205078125,0.1211084645644807,1.4012798089534044
59,shuffled_label,13,0.20703125,0.12190011107071624,1.401386272162199
59,shuffled_label,14,0.208984375,0.12256576191211166,1.4015526846051216
59,shuffled_label,15,0.212890625,0.12401883077867121,1.402434580028057
59,shuffled_label,16,0.212890625,0.12401883077867121,1.4023483879864216
59,shuffled_label,17,0.212890625,0.12222051906286162,1.4029989950358868
59,shuffled_label,18,0.212890625,0.12222051906286162,1.402987202629447
59,shuffled_label,19,0.21484375,0.12287685729359657,1.4033081568777561
59,shuffled_label,20,0.212890625,0.12400984637506059,1.4028697106987238
59,shuffled_label,21,0.212890625,0.12404260222304067,1.4028276950120926
59,shuffled_label,22,0.2109375,0.12326020250754204,1.40279577113688
59,shuffled_label,23,0.212890625,0.1238877323529846,1.4033495429903269
59,shuffled_label,24,0.212890625,0.1238877323529846,1.4033476263284683
59,shuffled_label,25,0.21484375,0.12461136658164464,1.4035470336675644
59,shuffled_label,26,0.212890625,0.12213502262569878,1.4036283306777477
59,shuffled_label,27,0.212890625,0.12210156329751216,1.4036427848041058
59,shuffled_label,28,0.212890625,0.12210156329751216,1.4037397541105747
59,shuffled_label,29,0.21484375,0.1229046254177638,1.4039614014327526
59,shuffled_label,30,0.212890625,0.1238877323529846,1.4036871585994959
59,shuffled_label,31,0.212890625,0.1241137603741628,1.4035094231367111
59,shuffled_label,32,0.212890625,0.1241137603741628,1.4035283755511045
59,shuffled_label,33,0.212890625,0.1241137603741628,1.4034090340137482
59,shuffled_label,34,0.2109375,0.12332951305717052,1.403263969346881
59,shuffled_label,35,0.212890625,0.12419235482556257,1.403400957584381
59,shuffled_label,36,0.208984375,0.12542608224156626,1.403135746717453
59,shuffled_label,37,0.2109375,0.12623308426393726,1.4032604862004519
59,shuffled_label,38,0.212890625,0.12565649402039542,1.4035496450960636
59,shuffled_label,39,0.2109375,0.12328743765669636,1.4037347082048655
59,shuffled_label,40,0.2109375,0.12332951305717052,1.403677886351943
59,shuffled_label,41,0.2109375,0.12332951305717052,1.4036423526704311
59,shuffled_label,42,0.2109375,0.12332951305717052,1.4036106448620558
59,shuffled_label,43,0.208984375,0.12391066145586033,1.4035507645457983
59,shuffled_label,44,0.208984375,0.12391066145586033,1.4036109298467636
59,shuffled_label,45,0.2109375,0.12332951305717052,1.403745835646987
59,shuffled_label,46,0.2109375,0.12332951305717052,1.4037550408393145
59,shuffled_label,47,0.2109375,0.12332951305717052,1.4037375375628471
59,shuffled_label,48,0.2109375,0.12332951305717052,1.4037835821509361
59,shuffled_label,49,0.2109375,0.12332951305717052,1.4038004875183105
